Workbook

Sheet الصفحه الرئيسيه

Sheet دليل الحسابات
C14: م | D14: اسم الحساب
C15: 1 | D15: النقديه
C16: 2 | D16: البنك
C17: 3 | D17: المبيعات
C18: 4 | D18: المشتريات
C19: 5 | D19: العملاء
C20: 6 | D20: الموردون
C21: 7 | D21: جارى الشركاء
C22: 8 | D22: راس المال
C23: 9 | D23: المخزون
C24: 10 | D24: الايرادات
C25: 11 | D25: المصروفات
C26: 12 | D26: أرصده مدينة
... C29: 15 | D29: الضريبه المضافه

Sheet ارصده افتتاحيه
L8: =L32-M32 -> 0
A10: م | B10: التاريخ | C10: البيان | D10: نوع البيان | G10: متزن | H10: الفرق | J10: الاجمالى | L10: النقدية | N10: البنك | P10: المبيعات | R10: المشتريات | T10: العملاء | V10: الموردون | X10: جارى الشركات | Z10: رأس المال | AB10: المخزون | AD10: الايرادات | AF10: المصروفات | AH10: ارصده مدينة | AJ10: ارصده دائنة | AL10: ارصده دائنة | AN10: ارباح مرحله | AP10: القيمه المضافة
D11: صرف | E11: التحصيل | F11: اثبات | J11: مدين | K11: دائن | L11: مدين | M11: دائن | N11: مدين | O11: دائن | P11: مدين | Q11: دائن | R11: مدين | S11: دائن | T11: مدين | U11: دائن | V11: مدين | W11: دائن | X11: مدين | Y11: دائن | Z11: مدين | AA11: دائن | AB11: مدين | AC11: دائن | AD11: مدين | AE11: دائن | AF11: مدين | AG11: دائن | AH11: مدين | AI11: دائن | AJ11: مدين | AK11: دائن | AL11: مدين | AM11: دائن | AN11: مدين | AO11: دائن | AP11: مدين | AQ11: دائن
A12: 1 | G12: =IF(J12>K12,"متزن",IF(J12<K12,"غير متزن","")) | H12: =IF(J12>K12,"ذياده",IF(J12<K12,"ناقص","")) | I12: =IF(J12>K12,J12-K12,K12-J12) -> 0 | J12: =SUMIF($L$11:$AQ$11,$L$11,L12:AQ12) -> 0 | K12: =SUMIF($L$11:$AQ$11,$M$11,L12:AQ12) -> 0
A13: 2 | G13: =IF(J13>K13,"متزن",IF(J13<K13,"غير متزن","")) | H13: =IF(J13>K13,"ذياده",IF(J13<K13,"ناقص","")) | I13: =IF(J13>K13,J13-K13,K13-J13) -> 0 | J13: =SUMIF($L$11:$AQ$11,$L$11,L13:AQ13) -> 0 | K13: =SUMIF($L$11:$AQ$11,$M$11,L13:AQ13) -> 0
A14: 3 | G14: =IF(J14>K14,"متزن",IF(J14<K14,"غير متزن","")) | H14: =IF(J14>K14,"ذياده",IF(J14<K14,"ناقص","")) | I14: =IF(J14>K14,J14-K14,K14-J14) -> 0 | J14: =SUMIF($L$11:$AQ$11,$L$11,L14:AQ14) -> 0 | K14: =SUMIF($L$11:$AQ$11,$M$11,L14:AQ14) -> 0
A15: 4 | G15: =IF(J15>K15,"متزن",IF(J15<K15,"غير متزن","")) | H15: =IF(J15>K15,"ذياده",IF(J15<K15,"ناقص","")) | I15: =IF(J15>K15,J15-K15,K15-J15) -> 0 | J15: =SUMIF($L$11:$AQ$11,$L$11,L15:AQ15) -> 0 | K15: =SUMIF($L$11:$AQ$11,$M$11,L15:AQ15) -> 0
A16: 5 | G16: =IF(J16>K16,"متزن",IF(J16<K16,"غير متزن","")) | H16: =IF(J16>K16,"ذياده",IF(J16<K16,"ناقص","")) | I16: =IF(J16>K16,J16-K16,K16-J16) -> 0 | J16: =SUMIF($L$11:$AQ$11,$L$11,L16:AQ16) -> 0 | K16: =SUMIF($L$11:$AQ$11,$M$11,L16:AQ16) -> 0
A17: 6 | G17: =IF(J17>K17,"متزن",IF(J17<K17,"غير متزن","")) | H17: =IF(J17>K17,"ذياده",IF(J17<K17,"ناقص","")) | I17: =IF(J17>K17,J17-K17,K17-J17) -> 0 | J17: =SUMIF($L$11:$AQ$11,$L$11,L17:AQ17) -> 0 | K17: =SUMIF($L$11:$AQ$11,$M$11,L17:AQ17) -> 0
A18: 7 | G18: =IF(J18>K18,"متزن",IF(J18<K18,"غير متزن","")) | H18: =IF(J18>K18,"ذياده",IF(J18<K18,"ناقص","")) | I18: =IF(J18>K18,J18-K18,K18-J18) -> 0 | J18: =SUMIF($L$11:$AQ$11,$L$11,L18:AQ18) -> 0 | K18: =SUMIF($L$11:$AQ$11,$M$11,L18:AQ18) -> 0
A19: 8 | G19: =IF(J19>K19,"متزن",IF(J19<K19,"غير متزن","")) | H19: =IF(J19>K19,"ذياده",IF(J19<K19,"ناقص","")) | I19: =IF(J19>K19,J19-K19,K19-J19) -> 0 | J19: =SUMIF($L$11:$AQ$11,$L$11,L19:AQ19) -> 0 | K19: =SUMIF($L$11:$AQ$11,$M$11,L19:AQ19) -> 0
A20: 9 | G20: =IF(J20>K20,"متزن",IF(J20<K20,"غير متزن","")) | H20: =IF(J20>K20,"ذياده",IF(J20<K20,"ناقص","")) | I20: =IF(J20>K20,J20-K20,K20-J20) -> 0 | J20: =SUMIF($L$11:$AQ$11,$L$11,L20:AQ20) -> 0 | K20: =SUMIF($L$11:$AQ$11,$M$11,L20:AQ20) -> 0
A21: 10 | G21: =IF(J21>K21,"متزن",IF(J21<K21,"غير متزن","")) | H21: =IF(J21>K21,"ذياده",IF(J21<K21,"ناقص","")) | I21: =IF(J21>K21,J21-K21,K21-J21) -> 0 | J21: =SUMIF($L$11:$AQ$11,$L$11,L21:AQ21) -> 0 | K21: =SUMIF($L$11:$AQ$11,$M$11,L21:AQ21) -> 0
A22: 11 | G22: =IF(J22>K22,"متزن",IF(J22<K22,"غير متزن","")) | H22: =IF(J22>K22,"ذياده",IF(J22<K22,"ناقص","")) | I22: =IF(J22>K22,J22-K22,K22-J22) -> 0 | J22: =SUMIF($L$11:$AQ$11,$L$11,L22:AQ22) -> 0 | K22: =SUMIF($L$11:$AQ$11,$M$11,L22:AQ22) -> 0
A23: 12 | G23: =IF(J23>K23,"متزن",IF(J23<K23,"غير متزن","")) | H23: =IF(J23>K23,"ذياده",IF(J23<K23,"ناقص","")) | I23: =IF(J23>K23,J23-K23,K23-J23) -> 0 | J23: =SUMIF($L$11:$AQ$11,$L$11,L23:AQ23) -> 0 | K23: =SUMIF($L$11:$AQ$11,$M$11,L23:AQ23) -> 0
... A31: 20 | G31: =IF(J31>K31,"متزن",IF(J31<K31,"غير متزن","")) | H31: =IF(J31>K31,"ذياده",IF(J31<K31,"ناقص","")) | I31: =IF(J31>K31,J31-K31,K31-J31) -> 0 | J31: =SUMIF($L$11:$AQ$11,$L$11,L31:AQ31) -> 0 | K31: =SUMIF($L$11:$AQ$11,$M$11,L31:AQ31) -> 0
A32: الاجمالى | H32: =IF(J32>K32,"ذياده",IF(J32<K32,"ناقص","")) | J32: =SUM(J12:J31) -> 0 | K32: =SUM(K12:K31) -> 0 | L32: =SUM(L12:L31) -> 0 | M32: =SUM(M12:M31) -> 0 | N32: =SUM(N12:N31) -> 0 | O32: =SUM(O12:O31) -> 0 | P32: =SUM(P12:P31) -> 0 | Q32: =SUM(Q12:Q31) -> 0 | ... AQ32: =SUM(AQ12:AQ31) -> 0

Sheet 1
L8: =L32-M32+SUM('ارصده افتتاحيه'!L8:M8) -> 0 | N8: =N32-O32+SUM('ارصده افتتاحيه'!N8:O8) -> 0 | P8: =P32-Q32+SUM('ارصده افتتاحيه'!P8:Q8) -> 0 | R8: =R32-S32+SUM('ارصده افتتاحيه'!R8:S8) -> 0 | T8: =T32-U32+SUM('ارصده افتتاحيه'!T8:U8) -> 0 | V8: =V32-W32+SUM('ارصده افتتاحيه'!V8:W8) -> 0 | X8: =X32-Y32+SUM('ارصده افتتاحيه'!X8:Y8) -> 0 | Z8: =Z32-AA32+SUM('ارصده افتتاحيه'!Z8:AA8) -> 0 | AB8: =AB32-AC32+SUM('ارصده افتتاحيه'!AB8:AC8) -> 0 | AD8: =AD32-AE32+SUM('ارصده افتتاحيه'!AD8:AE8) -> 0 | AF8: =AF32-AG32+SUM('ارصده افتتاحيه'!AF8:AG8) -> 0 | AH8: =AH32-AI32+SUM('ارصده افتتاحيه'!AH8:AI8) -> 0 | AJ8: =AJ32-AK32+SUM('ارصده افتتاحيه'!AJ8:AK8) -> 0 | AL8: =AL32-AM32+SUM('ارصده افتتاحيه'!AL8:AM8) -> 0 | AN8: =AN32-AO32+SUM('ارصده افتتاحيه'!AN8:AO8) -> 0 | AP8: =AP32-AQ32+SUM('ارصده افتتاحيه'!AP8:AQ8) -> 0
A10: م | B10: التاريخ | C10: البيان | D10: نوع البيان | G10: متزن | H10: الفرق | J10: الاجمالى | L10: النقدية | N10: البنك | P10: المبيعات | R10: المشتريات | T10: العملاء | V10: الموردون | X10: جارى الشركات | Z10: رأس المال | AB10: المخزون | AD10: الايرادات | AF10: المصروفات | AH10: ارصده مدينة | AJ10: ارصده دائنة | AL10: ارصده دائنة | AN10: ارباح مرحله | AP10: القيمه المضافة
D11: صرف | E11: التحصيل | F11: اثبات | J11: مدين | K11: دائن | L11: مدين | M11: دائن | N11: مدين | O11: دائن | P11: مدين | Q11: دائن | R11: مدين | S11: دائن | T11: مدين | U11: دائن | V11: مدين | W11: دائن | X11: مدين | Y11: دائن | Z11: مدين | AA11: دائن | AB11: مدين | AC11: دائن | AD11: مدين | AE11: دائن | AF11: مدين | AG11: دائن | AH11: مدين | AI11: دائن | AJ11: مدين | AK11: دائن | AL11: مدين | AM11: دائن | AN11: مدين | AO11: دائن | AP11: مدين | AQ11: دائن
A12: 1 | G12: =IF(J12>K12,"متزن",IF(J12<K12,"غير متزن","")) | H12: =IF(J12>K12,"ذياده",IF(J12<K12,"ناقص","")) | I12: =IF(J12>K12,J12-K12,K12-J12) -> 0 | J12: =SUMIF($L$11:$AQ$11,$L$11,L12:AQ12) -> 0 | K12: =SUMIF($L$11:$AQ$11,$M$11,L12:AQ12) -> 0
A13: 2 | G13: =IF(J13>K13,"متزن",IF(J13<K13,"غير متزن","")) | H13: =IF(J13>K13,"ذياده",IF(J13<K13,"ناقص","")) | I13: =IF(J13>K13,J13-K13,K13-J13) -> 0 | J13: =SUMIF($L$11:$AQ$11,$L$11,L13:AQ13) -> 0 | K13: =SUMIF($L$11:$AQ$11,$M$11,L13:AQ13) -> 0
A14: 3 | G14: =IF(J14>K14,"متزن",IF(J14<K14,"غير متزن","")) | H14: =IF(J14>K14,"ذياده",IF(J14<K14,"ناقص","")) | I14: =IF(J14>K14,J14-K14,K14-J14) -> 0 | J14: =SUMIF($L$11:$AQ$11,$L$11,L14:AQ14) -> 0 | K14: =SUMIF($L$11:$AQ$11,$M$11,L14:AQ14) -> 0
A15: 4 | G15: =IF(J15>K15,"متزن",IF(J15<K15,"غير متزن","")) | H15: =IF(J15>K15,"ذياده",IF(J15<K15,"ناقص","")) | I15: =IF(J15>K15,J15-K15,K15-J15) -> 0 | J15: =SUMIF($L$11:$AQ$11,$L$11,L15:AQ15) -> 0 | K15: =SUMIF($L$11:$AQ$11,$M$11,L15:AQ15) -> 0
A16: 5 | G16: =IF(J16>K16,"متزن",IF(J16<K16,"غير متزن","")) | H16: =IF(J16>K16,"ذياده",IF(J16<K16,"ناقص","")) | I16: =IF(J16>K16,J16-K16,K16-J16) -> 0 | J16: =SUMIF($L$11:$AQ$11,$L$11,L16:AQ16) -> 0 | K16: =SUMIF($L$11:$AQ$11,$M$11,L16:AQ16) -> 0
A17: 6 | G17: =IF(J17>K17,"متزن",IF(J17<K17,"غير متزن","")) | H17: =IF(J17>K17,"ذياده",IF(J17<K17,"ناقص","")) | I17: =IF(J17>K17,J17-K17,K17-J17) -> 0 | J17: =SUMIF($L$11:$AQ$11,$L$11,L17:AQ17) -> 0 | K17: =SUMIF($L$11:$AQ$11,$M$11,L17:AQ17) -> 0
A18: 7 | G18: =IF(J18>K18,"متزن",IF(J18<K18,"غير متزن","")) | H18: =IF(J18>K18,"ذياده",IF(J18<K18,"ناقص","")) | I18: =IF(J18>K18,J18-K18,K18-J18) -> 0 | J18: =SUMIF($L$11:$AQ$11,$L$11,L18:AQ18) -> 0 | K18: =SUMIF($L$11:$AQ$11,$M$11,L18:AQ18) -> 0
A19: 8 | G19: =IF(J19>K19,"متزن",IF(J19<K19,"غير متزن","")) | H19: =IF(J19>K19,"ذياده",IF(J19<K19,"ناقص","")) | I19: =IF(J19>K19,J19-K19,K19-J19) -> 0 | J19: =SUMIF($L$11:$AQ$11,$L$11,L19:AQ19) -> 0 | K19: =SUMIF($L$11:$AQ$11,$M$11,L19:AQ19) -> 0
A20: 9 | G20: =IF(J20>K20,"متزن",IF(J20<K20,"غير متزن","")) | H20: =IF(J20>K20,"ذياده",IF(J20<K20,"ناقص","")) | I20: =IF(J20>K20,J20-K20,K20-J20) -> 0 | J20: =SUMIF($L$11:$AQ$11,$L$11,L20:AQ20) -> 0 | K20: =SUMIF($L$11:$AQ$11,$M$11,L20:AQ20) -> 0
A21: 10 | G21: =IF(J21>K21,"متزن",IF(J21<K21,"غير متزن","")) | H21: =IF(J21>K21,"ذياده",IF(J21<K21,"ناقص","")) | I21: =IF(J21>K21,J21-K21,K21-J21) -> 0 | J21: =SUMIF($L$11:$AQ$11,$L$11,L21:AQ21) -> 0 | K21: =SUMIF($L$11:$AQ$11,$M$11,L21:AQ21) -> 0
A22: 11 | G22: =IF(J22>K22,"متزن",IF(J22<K22,"غير متزن","")) | H22: =IF(J22>K22,"ذياده",IF(J22<K22,"ناقص","")) | I22: =IF(J22>K22,J22-K22,K22-J22) -> 0 | J22: =SUMIF($L$11:$AQ$11,$L$11,L22:AQ22) -> 0 | K22: =SUMIF($L$11:$AQ$11,$M$11,L22:AQ22) -> 0
A23: 12 | G23: =IF(J23>K23,"متزن",IF(J23<K23,"غير متزن","")) | H23: =IF(J23>K23,"ذياده",IF(J23<K23,"ناقص","")) | I23: =IF(J23>K23,J23-K23,K23-J23) -> 0 | J23: =SUMIF($L$11:$AQ$11,$L$11,L23:AQ23) -> 0 | K23: =SUMIF($L$11:$AQ$11,$M$11,L23:AQ23) -> 0
... A31: 20 | G31: =IF(J31>K31,"متزن",IF(J31<K31,"غير متزن","")) | H31: =IF(J31>K31,"ذياده",IF(J31<K31,"ناقص","")) | I31: =IF(J31>K31,J31-K31,K31-J31) -> 0 | J31: =SUMIF($L$11:$AQ$11,$L$11,L31:AQ31) -> 0 | K31: =SUMIF($L$11:$AQ$11,$M$11,L31:AQ31) -> 0
A32: الاجمالى | H32: =IF(J32>K32,"ذياده",IF(J32<K32,"ناقص","")) | J32: =SUM(J12:J31) -> 0 | K32: =SUM(K12:K31) -> 0 | L32: =SUM(L12:L31) -> 0 | M32: =SUM(M12:M31) -> 0 | N32: =SUM(N12:N31) -> 0 | O32: =SUM(O12:O31) -> 0 | P32: =SUM(P12:P31) -> 0 | Q32: =SUM(Q12:Q31) -> 0 | ... AQ32: =SUM(AQ12:AQ31) -> 0

Sheet 2
L8: =L32-M32+SUM('1'!L8:M8) -> 0 | N8: =N32-O32+SUM('1'!N8:O8) -> 0 | P8: =P32-Q32+SUM('1'!P8:Q8) -> 0 | R8: =R32-S32+SUM('1'!R8:S8) -> 0 | T8: =T32-U32+SUM('1'!T8:U8) -> 0 | V8: =V32-W32+SUM('1'!V8:W8) -> 0 | X8: =X32-Y32+SUM('1'!X8:Y8) -> 0 | Z8: =Z32-AA32+SUM('1'!Z8:AA8) -> 0 | AB8: =AB32-AC32+SUM('1'!AB8:AC8) -> 0 | AD8: =AD32-AE32+SUM('1'!AD8:AE8) -> 0 | AF8: =AF32-AG32+SUM('1'!AF8:AG8) -> 0 | AH8: =AH32-AI32+SUM('1'!AH8:AI8) -> 0 | AJ8: =AJ32-AK32+SUM('1'!AJ8:AK8) -> 0 | AL8: =AL32-AM32+SUM('1'!AL8:AM8) -> 0 | AN8: =AN32-AO32+SUM('1'!AN8:AO8) -> 0 | AP8: =AP32-AQ32+SUM('1'!AP8:AQ8) -> 0
A10: م | B10: التاريخ | C10: البيان | D10: نوع البيان | G10: متزن | H10: الفرق | J10: الاجمالى | L10: النقدية | N10: البنك | P10: المبيعات | R10: المشتريات | T10: العملاء | V10: الموردون | X10: جارى الشركات | Z10: رأس المال | AB10: المخزون | AD10: الايرادات | AF10: المصروفات | AH10: ارصده مدينة | AJ10: ارصده دائنة | AL10: ارصده دائنة | AN10: ارباح مرحله | AP10: القيمه المضافة
D11: صرف | E11: التحصيل | F11: اثبات | J11: مدين | K11: دائن | L11: مدين | M11: دائن | N11: مدين | O11: دائن | P11: مدين | Q11: دائن | R11: مدين | S11: دائن | T11: مدين | U11: دائن | V11: مدين | W11: دائن | X11: مدين | Y11: دائن | Z11: مدين | AA11: دائن | AB11: مدين | AC11: دائن | AD11: مدين | AE11: دائن | AF11: مدين | AG11: دائن | AH11: مدين | AI11: دائن | AJ11: مدين | AK11: دائن | AL11: مدين | AM11: دائن | AN11: مدين | AO11: دائن | AP11: مدين | AQ11: دائن
A12: 1 | G12: =IF(J12>K12,"متزن",IF(J12<K12,"غير متزن","")) | H12: =IF(J12>K12,"ذياده",IF(J12<K12,"ناقص","")) | I12: =IF(J12>K12,J12-K12,K12-J12) -> 0 | J12: =SUMIF($L$11:$AQ$11,$L$11,L12:AQ12) -> 0 | K12: =SUMIF($L$11:$AQ$11,$M$11,L12:AQ12) -> 0
A13: 2 | G13: =IF(J13>K13,"متزن",IF(J13<K13,"غير متزن","")) | H13: =IF(J13>K13,"ذياده",IF(J13<K13,"ناقص","")) | I13: =IF(J13>K13,J13-K13,K13-J13) -> 0 | J13: =SUMIF($L$11:$AQ$11,$L$11,L13:AQ13) -> 0 | K13: =SUMIF($L$11:$AQ$11,$M$11,L13:AQ13) -> 0
A14: 3 | G14: =IF(J14>K14,"متزن",IF(J14<K14,"غير متزن","")) | H14: =IF(J14>K14,"ذياده",IF(J14<K14,"ناقص","")) | I14: =IF(J14>K14,J14-K14,K14-J14) -> 0 | J14: =SUMIF($L$11:$AQ$11,$L$11,L14:AQ14) -> 0 | K14: =SUMIF($L$11:$AQ$11,$M$11,L14:AQ14) -> 0
A15: 4 | G15: =IF(J15>K15,"متزن",IF(J15<K15,"غير متزن","")) | H15: =IF(J15>K15,"ذياده",IF(J15<K15,"ناقص","")) | I15: =IF(J15>K15,J15-K15,K15-J15) -> 0 | J15: =SUMIF($L$11:$AQ$11,$L$11,L15:AQ15) -> 0 | K15: =SUMIF($L$11:$AQ$11,$M$11,L15:AQ15) -> 0
A16: 5 | G16: =IF(J16>K16,"متزن",IF(J16<K16,"غير متزن","")) | H16: =IF(J16>K16,"ذياده",IF(J16<K16,"ناقص","")) | I16: =IF(J16>K16,J16-K16,K16-J16) -> 0 | J16: =SUMIF($L$11:$AQ$11,$L$11,L16:AQ16) -> 0 | K16: =SUMIF($L$11:$AQ$11,$M$11,L16:AQ16) -> 0
A17: 6 | G17: =IF(J17>K17,"متزن",IF(J17<K17,"غير متزن","")) | H17: =IF(J17>K17,"ذياده",IF(J17<K17,"ناقص","")) | I17: =IF(J17>K17,J17-K17,K17-J17) -> 0 | J17: =SUMIF($L$11:$AQ$11,$L$11,L17:AQ17) -> 0 | K17: =SUMIF($L$11:$AQ$11,$M$11,L17:AQ17) -> 0
A18: 7 | G18: =IF(J18>K18,"متزن",IF(J18<K18,"غير متزن","")) | H18: =IF(J18>K18,"ذياده",IF(J18<K18,"ناقص","")) | I18: =IF(J18>K18,J18-K18,K18-J18) -> 0 | J18: =SUMIF($L$11:$AQ$11,$L$11,L18:AQ18) -> 0 | K18: =SUMIF($L$11:$AQ$11,$M$11,L18:AQ18) -> 0
A19: 8 | G19: =IF(J19>K19,"متزن",IF(J19<K19,"غير متزن","")) | H19: =IF(J19>K19,"ذياده",IF(J19<K19,"ناقص","")) | I19: =IF(J19>K19,J19-K19,K19-J19) -> 0 | J19: =SUMIF($L$11:$AQ$11,$L$11,L19:AQ19) -> 0 | K19: =SUMIF($L$11:$AQ$11,$M$11,L19:AQ19) -> 0
A20: 9 | G20: =IF(J20>K20,"متزن",IF(J20<K20,"غير متزن","")) | H20: =IF(J20>K20,"ذياده",IF(J20<K20,"ناقص","")) | I20: =IF(J20>K20,J20-K20,K20-J20) -> 0 | J20: =SUMIF($L$11:$AQ$11,$L$11,L20:AQ20) -> 0 | K20: =SUMIF($L$11:$AQ$11,$M$11,L20:AQ20) -> 0
A21: 10 | G21: =IF(J21>K21,"متزن",IF(J21<K21,"غير متزن","")) | H21: =IF(J21>K21,"ذياده",IF(J21<K21,"ناقص","")) | I21: =IF(J21>K21,J21-K21,K21-J21) -> 0 | J21: =SUMIF($L$11:$AQ$11,$L$11,L21:AQ21) -> 0 | K21: =SUMIF($L$11:$AQ$11,$M$11,L21:AQ21) -> 0
A22: 11 | G22: =IF(J22>K22,"متزن",IF(J22<K22,"غير متزن","")) | H22: =IF(J22>K22,"ذياده",IF(J22<K22,"ناقص","")) | I22: =IF(J22>K22,J22-K22,K22-J22) -> 0 | J22: =SUMIF($L$11:$AQ$11,$L$11,L22:AQ22) -> 0 | K22: =SUMIF($L$11:$AQ$11,$M$11,L22:AQ22) -> 0
A23: 12 | G23: =IF(J23>K23,"متزن",IF(J23<K23,"غير متزن","")) | H23: =IF(J23>K23,"ذياده",IF(J23<K23,"ناقص","")) | I23: =IF(J23>K23,J23-K23,K23-J23) -> 0 | J23: =SUMIF($L$11:$AQ$11,$L$11,L23:AQ23) -> 0 | K23: =SUMIF($L$11:$AQ$11,$M$11,L23:AQ23) -> 0
... A31: 20 | G31: =IF(J31>K31,"متزن",IF(J31<K31,"غير متزن","")) | H31: =IF(J31>K31,"ذياده",IF(J31<K31,"ناقص","")) | I31: =IF(J31>K31,J31-K31,K31-J31) -> 0 | J31: =SUMIF($L$11:$AQ$11,$L$11,L31:AQ31) -> 0 | K31: =SUMIF($L$11:$AQ$11,$M$11,L31:AQ31) -> 0
A32: الاجمالى | H32: =IF(J32>K32,"ذياده",IF(J32<K32,"ناقص","")) | J32: =SUM(J12:J31) -> 0 | K32: =SUM(K12:K31) -> 0 | L32: =SUM(L12:L31) -> 0 | M32: =SUM(M12:M31) -> 0 | N32: =SUM(N12:N31) -> 0 | O32: =SUM(O12:O31) -> 0 | P32: =SUM(P12:P31) -> 0 | Q32: =SUM(Q12:Q31) -> 0 | ... AQ32: =SUM(AQ12:AQ31) -> 0

Sheet 3
L8: =L32-M32+SUM('2'!L8:M8) -> 0 | N8: =N32-O32+SUM('2'!N8:O8) -> 0 | P8: =P32-Q32+SUM('2'!P8:Q8) -> 0 | R8: =R32-S32+SUM('2'!R8:S8) -> 0 | T8: =T32-U32+SUM('2'!T8:U8) -> 0 | V8: =V32-W32+SUM('2'!V8:W8) -> 0 | X8: =X32-Y32+SUM('2'!X8:Y8) -> 0 | Z8: =Z32-AA32+SUM('2'!Z8:AA8) -> 0 | AB8: =AB32-AC32+SUM('2'!AB8:AC8) -> 0 | AD8: =AD32-AE32+SUM('2'!AD8:AE8) -> 0 | AF8: =AF32-AG32+SUM('2'!AF8:AG8) -> 0 | AH8: =AH32-AI32+SUM('2'!AH8:AI8) -> 0 | AJ8: =AJ32-AK32+SUM('2'!AJ8:AK8) -> 0 | AL8: =AL32-AM32+SUM('2'!AL8:AM8) -> 0 | AN8: =AN32-AO32+SUM('2'!AN8:AO8) -> 0 | AP8: =AP32-AQ32+SUM('2'!AP8:AQ8) -> 0
A10: م | B10: التاريخ | C10: البيان | D10: نوع البيان | G10: متزن | H10: الفرق | J10: الاجمالى | L10: النقدية | N10: البنك | P10: المبيعات | R10: المشتريات | T10: العملاء | V10: الموردون | X10: جارى الشركات | Z10: رأس المال | AB10: المخزون | AD10: الايرادات | AF10: المصروفات | AH10: ارصده مدينة | AJ10: ارصده دائنة | AL10: ارصده دائنة | AN10: ارباح مرحله | AP10: القيمه المضافة
D11: صرف | E11: التحصيل | F11: اثبات | J11: مدين | K11: دائن | L11: مدين | M11: دائن | N11: مدين | O11: دائن | P11: مدين | Q11: دائن | R11: مدين | S11: دائن | T11: مدين | U11: دائن | V11: مدين | W11: دائن | X11: مدين | Y11: دائن | Z11: مدين | AA11: دائن | AB11: مدين | AC11: دائن | AD11: مدين | AE11: دائن | AF11: مدين | AG11: دائن | AH11: مدين | AI11: دائن | AJ11: مدين | AK11: دائن | AL11: مدين | AM11: دائن | AN11: مدين | AO11: دائن | AP11: مدين | AQ11: دائن
A12: 1 | G12: =IF(J12>K12,"متزن",IF(J12<K12,"غير متزن","")) | H12: =IF(J12>K12,"ذياده",IF(J12<K12,"ناقص","")) | I12: =IF(J12>K12,J12-K12,K12-J12) -> 0 | J12: =SUMIF($L$11:$AQ$11,$L$11,L12:AQ12) -> 0 | K12: =SUMIF($L$11:$AQ$11,$M$11,L12:AQ12) -> 0
A13: 2 | G13: =IF(J13>K13,"متزن",IF(J13<K13,"غير متزن","")) | H13: =IF(J13>K13,"ذياده",IF(J13<K13,"ناقص","")) | I13: =IF(J13>K13,J13-K13,K13-J13) -> 0 | J13: =SUMIF($L$11:$AQ$11,$L$11,L13:AQ13) -> 0 | K13: =SUMIF($L$11:$AQ$11,$M$11,L13:AQ13) -> 0
A14: 3 | G14: =IF(J14>K14,"متزن",IF(J14<K14,"غير متزن","")) | H14: =IF(J14>K14,"ذياده",IF(J14<K14,"ناقص","")) | I14: =IF(J14>K14,J14-K14,K14-J14) -> 0 | J14: =SUMIF($L$11:$AQ$11,$L$11,L14:AQ14) -> 0 | K14: =SUMIF($L$11:$AQ$11,$M$11,L14:AQ14) -> 0
A15: 4 | G15: =IF(J15>K15,"متزن",IF(J15<K15,"غير متزن","")) | H15: =IF(J15>K15,"ذياده",IF(J15<K15,"ناقص","")) | I15: =IF(J15>K15,J15-K15,K15-J15) -> 0 | J15: =SUMIF($L$11:$AQ$11,$L$11,L15:AQ15) -> 0 | K15: =SUMIF($L$11:$AQ$11,$M$11,L15:AQ15) -> 0
A16: 5 | G16: =IF(J16>K16,"متزن",IF(J16<K16,"غير متزن","")) | H16: =IF(J16>K16,"ذياده",IF(J16<K16,"ناقص","")) | I16: =IF(J16>K16,J16-K16,K16-J16) -> 0 | J16: =SUMIF($L$11:$AQ$11,$L$11,L16:AQ16) -> 0 | K16: =SUMIF($L$11:$AQ$11,$M$11,L16:AQ16) -> 0
A17: 6 | G17: =IF(J17>K17,"متزن",IF(J17<K17,"غير متزن","")) | H17: =IF(J17>K17,"ذياده",IF(J17<K17,"ناقص","")) | I17: =IF(J17>K17,J17-K17,K17-J17) -> 0 | J17: =SUMIF($L$11:$AQ$11,$L$11,L17:AQ17) -> 0 | K17: =SUMIF($L$11:$AQ$11,$M$11,L17:AQ17) -> 0
A18: 7 | G18: =IF(J18>K18,"متزن",IF(J18<K18,"غير متزن","")) | H18: =IF(J18>K18,"ذياده",IF(J18<K18,"ناقص","")) | I18: =IF(J18>K18,J18-K18,K18-J18) -> 0 | J18: =SUMIF($L$11:$AQ$11,$L$11,L18:AQ18) -> 0 | K18: =SUMIF($L$11:$AQ$11,$M$11,L18:AQ18) -> 0
A19: 8 | G19: =IF(J19>K19,"متزن",IF(J19<K19,"غير متزن","")) | H19: =IF(J19>K19,"ذياده",IF(J19<K19,"ناقص","")) | I19: =IF(J19>K19,J19-K19,K19-J19) -> 0 | J19: =SUMIF($L$11:$AQ$11,$L$11,L19:AQ19) -> 0 | K19: =SUMIF($L$11:$AQ$11,$M$11,L19:AQ19) -> 0
A20: 9 | G20: =IF(J20>K20,"متزن",IF(J20<K20,"غير متزن","")) | H20: =IF(J20>K20,"ذياده",IF(J20<K20,"ناقص","")) | I20: =IF(J20>K20,J20-K20,K20-J20) -> 0 | J20: =SUMIF($L$11:$AQ$11,$L$11,L20:AQ20) -> 0 | K20: =SUMIF($L$11:$AQ$11,$M$11,L20:AQ20) -> 0
A21: 10 | G21: =IF(J21>K21,"متزن",IF(J21<K21,"غير متزن","")) | H21: =IF(J21>K21,"ذياده",IF(J21<K21,"ناقص","")) | I21: =IF(J21>K21,J21-K21,K21-J21) -> 0 | J21: =SUMIF($L$11:$AQ$11,$L$11,L21:AQ21) -> 0 | K21: =SUMIF($L$11:$AQ$11,$M$11,L21:AQ21) -> 0
A22: 11 | G22: =IF(J22>K22,"متزن",IF(J22<K22,"غير متزن","")) | H22: =IF(J22>K22,"ذياده",IF(J22<K22,"ناقص","")) | I22: =IF(J22>K22,J22-K22,K22-J22) -> 0 | J22: =SUMIF($L$11:$AQ$11,$L$11,L22:AQ22) -> 0 | K22: =SUMIF($L$11:$AQ$11,$M$11,L22:AQ22) -> 0
A23: 12 | G23: =IF(J23>K23,"متزن",IF(J23<K23,"غير متزن","")) | H23: =IF(J23>K23,"ذياده",IF(J23<K23,"ناقص","")) | I23: =IF(J23>K23,J23-K23,K23-J23) -> 0 | J23: =SUMIF($L$11:$AQ$11,$L$11,L23:AQ23) -> 0 | K23: =SUMIF($L$11:$AQ$11,$M$11,L23:AQ23) -> 0
... A31: 20 | G31: =IF(J31>K31,"متزن",IF(J31<K31,"غير متزن","")) | H31: =IF(J31>K31,"ذياده",IF(J31<K31,"ناقص","")) | I31: =IF(J31>K31,J31-K31,K31-J31) -> 0 | J31: =SUMIF($L$11:$AQ$11,$L$11,L31:AQ31) -> 0 | K31: =SUMIF($L$11:$AQ$11,$M$11,L31:AQ31) -> 0
A32: الاجمالى | H32: =IF(J32>K32,"ذياده",IF(J32<K32,"ناقص","")) | J32: =SUM(J12:J31) -> 0 | K32: =SUM(K12:K31) -> 0 | L32: =SUM(L12:L31) -> 0 | M32: =SUM(M12:M31) -> 0 | N32: =SUM(N12:N31) -> 0 | O32: =SUM(O12:O31) -> 0 | P32: =SUM(P12:P31) -> 0 | Q32: =SUM(Q12:Q31) -> 0 | ... AQ32: =SUM(AQ12:AQ31) -> 0

Sheet 4
L8: =L32-M32+SUM('3'!L8:M8) -> 0 | N8: =N32-O32+SUM('3'!N8:O8) -> 0 | P8: =P32-Q32+SUM('3'!P8:Q8) -> 0 | R8: =R32-S32+SUM('3'!R8:S8) -> 0 | T8: =T32-U32+SUM('3'!T8:U8) -> 0 | V8: =V32-W32+SUM('3'!V8:W8) -> 0 | X8: =X32-Y32+SUM('3'!X8:Y8) -> 0 | Z8: =Z32-AA32+SUM('3'!Z8:AA8) -> 0 | AB8: =AB32-AC32+SUM('3'!AB8:AC8) -> 0 | AD8: =AD32-AE32+SUM('3'!AD8:AE8) -> 0 | AF8: =AF32-AG32+SUM('3'!AF8:AG8) -> 0 | AH8: =AH32-AI32+SUM('3'!AH8:AI8) -> 0 | AJ8: =AJ32-AK32+SUM('3'!AJ8:AK8) -> 0 | AL8: =AL32-AM32+SUM('3'!AL8:AM8) -> 0 | AN8: =AN32-AO32+SUM('3'!AN8:AO8) -> 0 | AP8: =AP32-AQ32+SUM('3'!AP8:AQ8) -> 0
A10: م | B10: التاريخ | C10: البيان | D10: نوع البيان | G10: متزن | H10: الفرق | J10: الاجمالى | L10: النقدية | N10: البنك | P10: المبيعات | R10: المشتريات | T10: العملاء | V10: الموردون | X10: جارى الشركات | Z10: رأس المال | AB10: المخزون | AD10: الايرادات | AF10: المصروفات | AH10: ارصده مدينة | AJ10: ارصده دائنة | AL10: ارصده دائنة | AN10: ارباح مرحله | AP10: القيمه المضافة
D11: صرف | E11: التحصيل | F11: اثبات | J11: مدين | K11: دائن | L11: مدين | M11: دائن | N11: مدين | O11: دائن | P11: مدين | Q11: دائن | R11: مدين | S11: دائن | T11: مدين | U11: دائن | V11: مدين | W11: دائن | X11: مدين | Y11: دائن | Z11: مدين | AA11: دائن | AB11: مدين | AC11: دائن | AD11: مدين | AE11: دائن | AF11: مدين | AG11: دائن | AH11: مدين | AI11: دائن | AJ11: مدين | AK11: دائن | AL11: مدين | AM11: دائن | AN11: مدين | AO11: دائن | AP11: مدين | AQ11: دائن
A12: 1 | G12: =IF(J12>K12,"متزن",IF(J12<K12,"غير متزن","")) | H12: =IF(J12>K12,"ذياده",IF(J12<K12,"ناقص","")) | I12: =IF(J12>K12,J12-K12,K12-J12) -> 0 | J12: =SUMIF($L$11:$AQ$11,$L$11,L12:AQ12) -> 0 | K12: =SUMIF($L$11:$AQ$11,$M$11,L12:AQ12) -> 0
A13: 2 | G13: =IF(J13>K13,"متزن",IF(J13<K13,"غير متزن","")) | H13: =IF(J13>K13,"ذياده",IF(J13<K13,"ناقص","")) | I13: =IF(J13>K13,J13-K13,K13-J13) -> 0 | J13: =SUMIF($L$11:$AQ$11,$L$11,L13:AQ13) -> 0 | K13: =SUMIF($L$11:$AQ$11,$M$11,L13:AQ13) -> 0
A14: 3 | G14: =IF(J14>K14,"متزن",IF(J14<K14,"غير متزن","")) | H14: =IF(J14>K14,"ذياده",IF(J14<K14,"ناقص","")) | I14: =IF(J14>K14,J14-K14,K14-J14) -> 0 | J14: =SUMIF($L$11:$AQ$11,$L$11,L14:AQ14) -> 0 | K14: =SUMIF($L$11:$AQ$11,$M$11,L14:AQ14) -> 0
A15: 4 | G15: =IF(J15>K15,"متزن",IF(J15<K15,"غير متزن","")) | H15: =IF(J15>K15,"ذياده",IF(J15<K15,"ناقص","")) | I15: =IF(J15>K15,J15-K15,K15-J15) -> 0 | J15: =SUMIF($L$11:$AQ$11,$L$11,L15:AQ15) -> 0 | K15: =SUMIF($L$11:$AQ$11,$M$11,L15:AQ15) -> 0
A16: 5 | G16: =IF(J16>K16,"متزن",IF(J16<K16,"غير متزن","")) | H16: =IF(J16>K16,"ذياده",IF(J16<K16,"ناقص","")) | I16: =IF(J16>K16,J16-K16,K16-J16) -> 0 | J16: =SUMIF($L$11:$AQ$11,$L$11,L16:AQ16) -> 0 | K16: =SUMIF($L$11:$AQ$11,$M$11,L16:AQ16) -> 0
A17: 6 | G17: =IF(J17>K17,"متزن",IF(J17<K17,"غير متزن","")) | H17: =IF(J17>K17,"ذياده",IF(J17<K17,"ناقص","")) | I17: =IF(J17>K17,J17-K17,K17-J17) -> 0 | J17: =SUMIF($L$11:$AQ$11,$L$11,L17:AQ17) -> 0 | K17: =SUMIF($L$11:$AQ$11,$M$11,L17:AQ17) -> 0
A18: 7 | G18: =IF(J18>K18,"متزن",IF(J18<K18,"غير متزن","")) | H18: =IF(J18>K18,"ذياده",IF(J18<K18,"ناقص","")) | I18: =IF(J18>K18,J18-K18,K18-J18) -> 0 | J18: =SUMIF($L$11:$AQ$11,$L$11,L18:AQ18) -> 0 | K18: =SUMIF($L$11:$AQ$11,$M$11,L18:AQ18) -> 0
A19: 8 | G19: =IF(J19>K19,"متزن",IF(J19<K19,"غير متزن","")) | H19: =IF(J19>K19,"ذياده",IF(J19<K19,"ناقص","")) | I19: =IF(J19>K19,J19-K19,K19-J19) -> 0 | J19: =SUMIF($L$11:$AQ$11,$L$11,L19:AQ19) -> 0 | K19: =SUMIF($L$11:$AQ$11,$M$11,L19:AQ19) -> 0
A20: 9 | G20: =IF(J20>K20,"متزن",IF(J20<K20,"غير متزن","")) | H20: =IF(J20>K20,"ذياده",IF(J20<K20,"ناقص","")) | I20: =IF(J20>K20,J20-K20,K20-J20) -> 0 | J20: =SUMIF($L$11:$AQ$11,$L$11,L20:AQ20) -> 0 | K20: =SUMIF($L$11:$AQ$11,$M$11,L20:AQ20) -> 0
A21: 10 | G21: =IF(J21>K21,"متزن",IF(J21<K21,"غير متزن","")) | H21: =IF(J21>K21,"ذياده",IF(J21<K21,"ناقص","")) | I21: =IF(J21>K21,J21-K21,K21-J21) -> 0 | J21: =SUMIF($L$11:$AQ$11,$L$11,L21:AQ21) -> 0 | K21: =SUMIF($L$11:$AQ$11,$M$11,L21:AQ21) -> 0
A22: 11 | G22: =IF(J22>K22,"متزن",IF(J22<K22,"غير متزن","")) | H22: =IF(J22>K22,"ذياده",IF(J22<K22,"ناقص","")) | I22: =IF(J22>K22,J22-K22,K22-J22) -> 0 | J22: =SUMIF($L$11:$AQ$11,$L$11,L22:AQ22) -> 0 | K22: =SUMIF($L$11:$AQ$11,$M$11,L22:AQ22) -> 0
A23: 12 | G23: =IF(J23>K23,"متزن",IF(J23<K23,"غير متزن","")) | H23: =IF(J23>K23,"ذياده",IF(J23<K23,"ناقص","")) | I23: =IF(J23>K23,J23-K23,K23-J23) -> 0 | J23: =SUMIF($L$11:$AQ$11,$L$11,L23:AQ23) -> 0 | K23: =SUMIF($L$11:$AQ$11,$M$11,L23:AQ23) -> 0
... A31: 20 | G31: =IF(J31>K31,"متزن",IF(J31<K31,"غير متزن","")) | H31: =IF(J31>K31,"ذياده",IF(J31<K31,"ناقص","")) | I31: =IF(J31>K31,J31-K31,K31-J31) -> 0 | J31: =SUMIF($L$11:$AQ$11,$L$11,L31:AQ31) -> 0 | K31: =SUMIF($L$11:$AQ$11,$M$11,L31:AQ31) -> 0
A32: الاجمالى | H32: =IF(J32>K32,"ذياده",IF(J32<K32,"ناقص","")) | J32: =SUM(J12:J31) -> 0 | K32: =SUM(K12:K31) -> 0 | L32: =SUM(L12:L31) -> 0 | M32: =SUM(M12:M31) -> 0 | N32: =SUM(N12:N31) -> 0 | O32: =SUM(O12:O31) -> 0 | P32: =SUM(P12:P31) -> 0 | Q32: =SUM(Q12:Q31) -> 0 | ... AQ32: =SUM(AQ12:AQ31) -> 0

Sheet 5
L8: =L32-M32+SUM('4'!L8:M8) -> 0 | N8: =N32-O32+SUM('4'!N8:O8) -> 0 | P8: =P32-Q32+SUM('4'!P8:Q8) -> 0 | R8: =R32-S32+SUM('4'!R8:S8) -> 0 | T8: =T32-U32+SUM('4'!T8:U8) -> 0 | V8: =V32-W32+SUM('4'!V8:W8) -> 0 | X8: =X32-Y32+SUM('4'!X8:Y8) -> 0 | Z8: =Z32-AA32+SUM('4'!Z8:AA8) -> 0 | AB8: =AB32-AC32+SUM('4'!AB8:AC8) -> 0 | AD8: =AD32-AE32+SUM('4'!AD8:AE8) -> 0 | AF8: =AF32-AG32+SUM('4'!AF8:AG8) -> 0 | AH8: =AH32-AI32+SUM('4'!AH8:AI8) -> 0 | AJ8: =AJ32-AK32+SUM('4'!AJ8:AK8) -> 0 | AL8: =AL32-AM32+SUM('4'!AL8:AM8) -> 0 | AN8: =AN32-AO32+SUM('4'!AN8:AO8) -> 0 | AP8: =AP32-AQ32+SUM('4'!AP8:AQ8) -> 0
A10: م | B10: التاريخ | C10: البيان | D10: نوع البيان | G10: متزن | H10: الفرق | J10: الاجمالى | L10: النقدية | N10: البنك | P10: المبيعات | R10: المشتريات | T10: العملاء | V10: الموردون | X10: جارى الشركات | Z10: رأس المال | AB10: المخزون | AD10: الايرادات | AF10: المصروفات | AH10: ارصده مدينة | AJ10: ارصده دائنة | AL10: ارصده دائنة | AN10: ارباح مرحله | AP10: القيمه المضافة
D11: صرف | E11: التحصيل | F11: اثبات | J11: مدين | K11: دائن | L11: مدين | M11: دائن | N11: مدين | O11: دائن | P11: مدين | Q11: دائن | R11: مدين | S11: دائن | T11: مدين | U11: دائن | V11: مدين | W11: دائن | X11: مدين | Y11: دائن | Z11: مدين | AA11: دائن | AB11: مدين | AC11: دائن | AD11: مدين | AE11: دائن | AF11: مدين | AG11: دائن | AH11: مدين | AI11: دائن | AJ11: مدين | AK11: دائن | AL11: مدين | AM11: دائن | AN11: مدين | AO11: دائن | AP11: مدين | AQ11: دائن
A12: 1 | G12: =IF(J12>K12,"متزن",IF(J12<K12,"غير متزن","")) | H12: =IF(J12>K12,"ذياده",IF(J12<K12,"ناقص","")) | I12: =IF(J12>K12,J12-K12,K12-J12) -> 0 | J12: =SUMIF($L$11:$AQ$11,$L$11,L12:AQ12) -> 0 | K12: =SUMIF($L$11:$AQ$11,$M$11,L12:AQ12) -> 0
A13: 2 | G13: =IF(J13>K13,"متزن",IF(J13<K13,"غير متزن","")) | H13: =IF(J13>K13,"ذياده",IF(J13<K13,"ناقص","")) | I13: =IF(J13>K13,J13-K13,K13-J13) -> 0 | J13: =SUMIF($L$11:$AQ$11,$L$11,L13:AQ13) -> 0 | K13: =SUMIF($L$11:$AQ$11,$M$11,L13:AQ13) -> 0
A14: 3 | G14: =IF(J14>K14,"متزن",IF(J14<K14,"غير متزن","")) | H14: =IF(J14>K14,"ذياده",IF(J14<K14,"ناقص","")) | I14: =IF(J14>K14,J14-K14,K14-J14) -> 0 | J14: =SUMIF($L$11:$AQ$11,$L$11,L14:AQ14) -> 0 | K14: =SUMIF($L$11:$AQ$11,$M$11,L14:AQ14) -> 0
A15: 4 | G15: =IF(J15>K15,"متزن",IF(J15<K15,"غير متزن","")) | H15: =IF(J15>K15,"ذياده",IF(J15<K15,"ناقص","")) | I15: =IF(J15>K15,J15-K15,K15-J15) -> 0 | J15: =SUMIF($L$11:$AQ$11,$L$11,L15:AQ15) -> 0 | K15: =SUMIF($L$11:$AQ$11,$M$11,L15:AQ15) -> 0
A16: 5 | G16: =IF(J16>K16,"متزن",IF(J16<K16,"غير متزن","")) | H16: =IF(J16>K16,"ذياده",IF(J16<K16,"ناقص","")) | I16: =IF(J16>K16,J16-K16,K16-J16) -> 0 | J16: =SUMIF($L$11:$AQ$11,$L$11,L16:AQ16) -> 0 | K16: =SUMIF($L$11:$AQ$11,$M$11,L16:AQ16) -> 0
A17: 6 | G17: =IF(J17>K17,"متزن",IF(J17<K17,"غير متزن","")) | H17: =IF(J17>K17,"ذياده",IF(J17<K17,"ناقص","")) | I17: =IF(J17>K17,J17-K17,K17-J17) -> 0 | J17: =SUMIF($L$11:$AQ$11,$L$11,L17:AQ17) -> 0 | K17: =SUMIF($L$11:$AQ$11,$M$11,L17:AQ17) -> 0
A18: 7 | G18: =IF(J18>K18,"متزن",IF(J18<K18,"غير متزن","")) | H18: =IF(J18>K18,"ذياده",IF(J18<K18,"ناقص","")) | I18: =IF(J18>K18,J18-K18,K18-J18) -> 0 | J18: =SUMIF($L$11:$AQ$11,$L$11,L18:AQ18) -> 0 | K18: =SUMIF($L$11:$AQ$11,$M$11,L18:AQ18) -> 0
A19: 8 | G19: =IF(J19>K19,"متزن",IF(J19<K19,"غير متزن","")) | H19: =IF(J19>K19,"ذياده",IF(J19<K19,"ناقص","")) | I19: =IF(J19>K19,J19-K19,K19-J19) -> 0 | J19: =SUMIF($L$11:$AQ$11,$L$11,L19:AQ19) -> 0 | K19: =SUMIF($L$11:$AQ$11,$M$11,L19:AQ19) -> 0
A20: 9 | G20: =IF(J20>K20,"متزن",IF(J20<K20,"غير متزن","")) | H20: =IF(J20>K20,"ذياده",IF(J20<K20,"ناقص","")) | I20: =IF(J20>K20,J20-K20,K20-J20) -> 0 | J20: =SUMIF($L$11:$AQ$11,$L$11,L20:AQ20) -> 0 | K20: =SUMIF($L$11:$AQ$11,$M$11,L20:AQ20) -> 0
A21: 10 | G21: =IF(J21>K21,"متزن",IF(J21<K21,"غير متزن","")) | H21: =IF(J21>K21,"ذياده",IF(J21<K21,"ناقص","")) | I21: =IF(J21>K21,J21-K21,K21-J21) -> 0 | J21: =SUMIF($L$11:$AQ$11,$L$11,L21:AQ21) -> 0 | K21: =SUMIF($L$11:$AQ$11,$M$11,L21:AQ21) -> 0
A22: 11 | G22: =IF(J22>K22,"متزن",IF(J22<K22,"غير متزن","")) | H22: =IF(J22>K22,"ذياده",IF(J22<K22,"ناقص","")) | I22: =IF(J22>K22,J22-K22,K22-J22) -> 0 | J22: =SUMIF($L$11:$AQ$11,$L$11,L22:AQ22) -> 0 | K22: =SUMIF($L$11:$AQ$11,$M$11,L22:AQ22) -> 0
A23: 12 | G23: =IF(J23>K23,"متزن",IF(J23<K23,"غير متزن","")) | H23: =IF(J23>K23,"ذياده",IF(J23<K23,"ناقص","")) | I23: =IF(J23>K23,J23-K23,K23-J23) -> 0 | J23: =SUMIF($L$11:$AQ$11,$L$11,L23:AQ23) -> 0 | K23: =SUMIF($L$11:$AQ$11,$M$11,L23:AQ23) -> 0
... A31: 20 | G31: =IF(J31>K31,"متزن",IF(J31<K31,"غير متزن","")) | H31: =IF(J31>K31,"ذياده",IF(J31<K31,"ناقص","")) | I31: =IF(J31>K31,J31-K31,K31-J31) -> 0 | J31: =SUMIF($L$11:$AQ$11,$L$11,L31:AQ31) -> 0 | K31: =SUMIF($L$11:$AQ$11,$M$11,L31:AQ31) -> 0
A32: الاجمالى | H32: =IF(J32>K32,"ذياده",IF(J32<K32,"ناقص","")) | J32: =SUM(J12:J31) -> 0 | K32: =SUM(K12:K31) -> 0 | L32: =SUM(L12:L31) -> 0 | M32: =SUM(M12:M31) -> 0 | N32: =SUM(N12:N31) -> 0 | O32: =SUM(O12:O31) -> 0 | P32: =SUM(P12:P31) -> 0 | Q32: =SUM(Q12:Q31) -> 0 | ... AQ32: =SUM(AQ12:AQ31) -> 0

Sheet 6
L8: =L32-M32+SUM('5'!L8:M8) -> 0 | N8: =N32-O32+SUM('5'!N8:O8) -> 0 | P8: =P32-Q32+SUM('5'!P8:Q8) -> 0 | R8: =R32-S32+SUM('5'!R8:S8) -> 0 | T8: =T32-U32+SUM('5'!T8:U8) -> 0 | V8: =V32-W32+SUM('5'!V8:W8) -> 0 | X8: =X32-Y32+SUM('5'!X8:Y8) -> 0 | Z8: =Z32-AA32+SUM('5'!Z8:AA8) -> 0 | AB8: =AB32-AC32+SUM('5'!AB8:AC8) -> 0 | AD8: =AD32-AE32+SUM('5'!AD8:AE8) -> 0 | AF8: =AF32-AG32+SUM('5'!AF8:AG8) -> 0 | AH8: =AH32-AI32+SUM('5'!AH8:AI8) -> 0 | AJ8: =AJ32-AK32+SUM('5'!AJ8:AK8) -> 0 | AL8: =AL32-AM32+SUM('5'!AL8:AM8) -> 0 | AN8: =AN32-AO32+SUM('5'!AN8:AO8) -> 0 | AP8: =AP32-AQ32+SUM('5'!AP8:AQ8) -> 0
A10: م | B10: التاريخ | C10: البيان | D10: نوع البيان | G10: متزن | H10: الفرق | J10: الاجمالى | L10: النقدية | N10: البنك | P10: المبيعات | R10: المشتريات | T10: العملاء | V10: الموردون | X10: جارى الشركات | Z10: رأس المال | AB10: المخزون | AD10: الايرادات | AF10: المصروفات | AH10: ارصده مدينة | AJ10: ارصده دائنة | AL10: ارصده دائنة | AN10: ارباح مرحله | AP10: القيمه المضافة
D11: صرف | E11: التحصيل | F11: اثبات | J11: مدين | K11: دائن | L11: مدين | M11: دائن | N11: مدين | O11: دائن | P11: مدين | Q11: دائن | R11: مدين | S11: دائن | T11: مدين | U11: دائن | V11: مدين | W11: دائن | X11: مدين | Y11: دائن | Z11: مدين | AA11: دائن | AB11: مدين | AC11: دائن | AD11: مدين | AE11: دائن | AF11: مدين | AG11: دائن | AH11: مدين | AI11: دائن | AJ11: مدين | AK11: دائن | AL11: مدين | AM11: دائن | AN11: مدين | AO11: دائن | AP11: مدين | AQ11: دائن
A12: 1 | G12: =IF(J12>K12,"متزن",IF(J12<K12,"غير متزن","")) | H12: =IF(J12>K12,"ذياده",IF(J12<K12,"ناقص","")) | I12: =IF(J12>K12,J12-K12,K12-J12) -> 0 | J12: =SUMIF($L$11:$AQ$11,$L$11,L12:AQ12) -> 0 | K12: =SUMIF($L$11:$AQ$11,$M$11,L12:AQ12) -> 0
A13: 2 | G13: =IF(J13>K13,"متزن",IF(J13<K13,"غير متزن","")) | H13: =IF(J13>K13,"ذياده",IF(J13<K13,"ناقص","")) | I13: =IF(J13>K13,J13-K13,K13-J13) -> 0 | J13: =SUMIF($L$11:$AQ$11,$L$11,L13:AQ13) -> 0 | K13: =SUMIF($L$11:$AQ$11,$M$11,L13:AQ13) -> 0
A14: 3 | G14: =IF(J14>K14,"متزن",IF(J14<K14,"غير متزن","")) | H14: =IF(J14>K14,"ذياده",IF(J14<K14,"ناقص","")) | I14: =IF(J14>K14,J14-K14,K14-J14) -> 0 | J14: =SUMIF($L$11:$AQ$11,$L$11,L14:AQ14) -> 0 | K14: =SUMIF($L$11:$AQ$11,$M$11,L14:AQ14) -> 0
A15: 4 | G15: =IF(J15>K15,"متزن",IF(J15<K15,"غير متزن","")) | H15: =IF(J15>K15,"ذياده",IF(J15<K15,"ناقص","")) | I15: =IF(J15>K15,J15-K15,K15-J15) -> 0 | J15: =SUMIF($L$11:$AQ$11,$L$11,L15:AQ15) -> 0 | K15: =SUMIF($L$11:$AQ$11,$M$11,L15:AQ15) -> 0
A16: 5 | G16: =IF(J16>K16,"متزن",IF(J16<K16,"غير متزن","")) | H16: =IF(J16>K16,"ذياده",IF(J16<K16,"ناقص","")) | I16: =IF(J16>K16,J16-K16,K16-J16) -> 0 | J16: =SUMIF($L$11:$AQ$11,$L$11,L16:AQ16) -> 0 | K16: =SUMIF($L$11:$AQ$11,$M$11,L16:AQ16) -> 0
A17: 6 | G17: =IF(J17>K17,"متزن",IF(J17<K17,"غير متزن","")) | H17: =IF(J17>K17,"ذياده",IF(J17<K17,"ناقص","")) | I17: =IF(J17>K17,J17-K17,K17-J17) -> 0 | J17: =SUMIF($L$11:$AQ$11,$L$11,L17:AQ17) -> 0 | K17: =SUMIF($L$11:$AQ$11,$M$11,L17:AQ17) -> 0
A18: 7 | G18: =IF(J18>K18,"متزن",IF(J18<K18,"غير متزن","")) | H18: =IF(J18>K18,"ذياده",IF(J18<K18,"ناقص","")) | I18: =IF(J18>K18,J18-K18,K18-J18) -> 0 | J18: =SUMIF($L$11:$AQ$11,$L$11,L18:AQ18) -> 0 | K18: =SUMIF($L$11:$AQ$11,$M$11,L18:AQ18) -> 0
A19: 8 | G19: =IF(J19>K19,"متزن",IF(J19<K19,"غير متزن","")) | H19: =IF(J19>K19,"ذياده",IF(J19<K19,"ناقص","")) | I19: =IF(J19>K19,J19-K19,K19-J19) -> 0 | J19: =SUMIF($L$11:$AQ$11,$L$11,L19:AQ19) -> 0 | K19: =SUMIF($L$11:$AQ$11,$M$11,L19:AQ19) -> 0
A20: 9 | G20: =IF(J20>K20,"متزن",IF(J20<K20,"غير متزن","")) | H20: =IF(J20>K20,"ذياده",IF(J20<K20,"ناقص","")) | I20: =IF(J20>K20,J20-K20,K20-J20) -> 0 | J20: =SUMIF($L$11:$AQ$11,$L$11,L20:AQ20) -> 0 | K20: =SUMIF($L$11:$AQ$11,$M$11,L20:AQ20) -> 0
A21: 10 | G21: =IF(J21>K21,"متزن",IF(J21<K21,"غير متزن","")) | H21: =IF(J21>K21,"ذياده",IF(J21<K21,"ناقص","")) | I21: =IF(J21>K21,J21-K21,K21-J21) -> 0 | J21: =SUMIF($L$11:$AQ$11,$L$11,L21:AQ21) -> 0 | K21: =SUMIF($L$11:$AQ$11,$M$11,L21:AQ21) -> 0
A22: 11 | G22: =IF(J22>K22,"متزن",IF(J22<K22,"غير متزن","")) | H22: =IF(J22>K22,"ذياده",IF(J22<K22,"ناقص","")) | I22: =IF(J22>K22,J22-K22,K22-J22) -> 0 | J22: =SUMIF($L$11:$AQ$11,$L$11,L22:AQ22) -> 0 | K22: =SUMIF($L$11:$AQ$11,$M$11,L22:AQ22) -> 0
A23: 12 | G23: =IF(J23>K23,"متزن",IF(J23<K23,"غير متزن","")) | H23: =IF(J23>K23,"ذياده",IF(J23<K23,"ناقص","")) | I23: =IF(J23>K23,J23-K23,K23-J23) -> 0 | J23: =SUMIF($L$11:$AQ$11,$L$11,L23:AQ23) -> 0 | K23: =SUMIF($L$11:$AQ$11,$M$11,L23:AQ23) -> 0
... A31: 20 | G31: =IF(J31>K31,"متزن",IF(J31<K31,"غير متزن","")) | H31: =IF(J31>K31,"ذياده",IF(J31<K31,"ناقص","")) | I31: =IF(J31>K31,J31-K31,K31-J31) -> 0 | J31: =SUMIF($L$11:$AQ$11,$L$11,L31:AQ31) -> 0 | K31: =SUMIF($L$11:$AQ$11,$M$11,L31:AQ31) -> 0
A32: الاجمالى | H32: =IF(J32>K32,"ذياده",IF(J32<K32,"ناقص","")) | J32: =SUM(J12:J31) -> 0 | K32: =SUM(K12:K31) -> 0 | L32: =SUM(L12:L31) -> 0 | M32: =SUM(M12:M31) -> 0 | N32: =SUM(N12:N31) -> 0 | O32: =SUM(O12:O31) -> 0 | P32: =SUM(P12:P31) -> 0 | Q32: =SUM(Q12:Q31) -> 0 | ... AQ32: =SUM(AQ12:AQ31) -> 0

Sheet 7
L8: =L32-M32+SUM('6'!L8:M8) -> -1000 | N8: =N32-O32+SUM('6'!N8:O8) -> 0 | P8: =P32-Q32+SUM('6'!P8:Q8) -> 0 | R8: =R32-S32+SUM('6'!R8:S8) -> 0 | T8: =T32-U32+SUM('6'!T8:U8) -> 0 | V8: =V32-W32+SUM('6'!V8:W8) -> 0 | X8: =X32-Y32+SUM('6'!X8:Y8) -> 0 | Z8: =Z32-AA32+SUM('6'!Z8:AA8) -> 0 | AB8: =AB32-AC32+SUM('6'!AB8:AC8) -> 0 | AD8: =AD32-AE32+SUM('6'!AD8:AE8) -> 0 | AF8: =AF32-AG32+SUM('6'!AF8:AG8) -> 0 | AH8: =AH32-AI32+SUM('6'!AH8:AI8) -> 0 | AJ8: =AJ32-AK32+SUM('6'!AJ8:AK8) -> 0 | AL8: =AL32-AM32+SUM('6'!AL8:AM8) -> 0 | AN8: =AN32-AO32+SUM('6'!AN8:AO8) -> 0 | AP8: =AP32-AQ32+SUM('6'!AP8:AQ8) -> 0
A10: م | B10: التاريخ | C10: البيان | D10: نوع البيان | G10: متزن | H10: الفرق | J10: الاجمالى | L10: النقدية | N10: البنك | P10: المبيعات | R10: المشتريات | T10: العملاء | V10: الموردون | X10: جارى الشركات | Z10: رأس المال | AB10: المخزون | AD10: الايرادات | AF10: المصروفات | AH10: ارصده مدينة | AJ10: ارصده دائنة | AL10: ارصده دائنة | AN10: ارباح مرحله | AP10: القيمه المضافة
D11: صرف | E11: التحصيل | F11: اثبات | J11: مدين | K11: دائن | L11: مدين | M11: دائن | N11: مدين | O11: دائن | P11: مدين | Q11: دائن | R11: مدين | S11: دائن | T11: مدين | U11: دائن | V11: مدين | W11: دائن | X11: مدين | Y11: دائن | Z11: مدين | AA11: دائن | AB11: مدين | AC11: دائن | AD11: مدين | AE11: دائن | AF11: مدين | AG11: دائن | AH11: مدين | AI11: دائن | AJ11: مدين | AK11: دائن | AL11: مدين | AM11: دائن | AN11: مدين | AO11: دائن | AP11: مدين | AQ11: دائن
A12: 1 | G12: =IF(J12>K12,"متزن",IF(J12<K12,"غير متزن","")) | H12: =IF(J12>K12,"ذياده",IF(J12<K12,"ناقص","")) | I12: =IF(J12>K12,J12-K12,K12-J12) -> 0 | J12: =SUMIF($L$11:$AQ$11,$L$11,L12:AQ12) -> 0 | K12: =SUMIF($L$11:$AQ$11,$M$11,L12:AQ12) -> 0
A13: 2 | G13: =IF(J13>K13,"متزن",IF(J13<K13,"غير متزن","")) | H13: =IF(J13>K13,"ذياده",IF(J13<K13,"ناقص","")) | I13: =IF(J13>K13,J13-K13,K13-J13) -> 0 | J13: =SUMIF($L$11:$AQ$11,$L$11,L13:AQ13) -> 0 | K13: =SUMIF($L$11:$AQ$11,$M$11,L13:AQ13) -> 0
A14: 3 | G14: =IF(J14>K14,"متزن",IF(J14<K14,"غير متزن","")) -> غير متزن | H14: =IF(J14>K14,"ذياده",IF(J14<K14,"ناقص","")) -> ناقص | I14: =IF(J14>K14,J14-K14,K14-J14) -> 1000 | J14: =SUMIF($L$11:$AQ$11,$L$11,L14:AQ14) -> 0 | K14: =SUMIF($L$11:$AQ$11,$M$11,L14:AQ14) -> 1000 | M14: 1000
A15: 4 | G15: =IF(J15>K15,"متزن",IF(J15<K15,"غير متزن","")) | H15: =IF(J15>K15,"ذياده",IF(J15<K15,"ناقص","")) | I15: =IF(J15>K15,J15-K15,K15-J15) -> 0 | J15: =SUMIF($L$11:$AQ$11,$L$11,L15:AQ15) -> 0 | K15: =SUMIF($L$11:$AQ$11,$M$11,L15:AQ15) -> 0
A16: 5 | G16: =IF(J16>K16,"متزن",IF(J16<K16,"غير متزن","")) | H16: =IF(J16>K16,"ذياده",IF(J16<K16,"ناقص","")) | I16: =IF(J16>K16,J16-K16,K16-J16) -> 0 | J16: =SUMIF($L$11:$AQ$11,$L$11,L16:AQ16) -> 0 | K16: =SUMIF($L$11:$AQ$11,$M$11,L16:AQ16) -> 0
A17: 6 | G17: =IF(J17>K17,"متزن",IF(J17<K17,"غير متزن","")) | H17: =IF(J17>K17,"ذياده",IF(J17<K17,"ناقص","")) | I17: =IF(J17>K17,J17-K17,K17-J17) -> 0 | J17: =SUMIF($L$11:$AQ$11,$L$11,L17:AQ17) -> 0 | K17: =SUMIF($L$11:$AQ$11,$M$11,L17:AQ17) -> 0
A18: 7 | G18: =IF(J18>K18,"متزن",IF(J18<K18,"غير متزن","")) | H18: =IF(J18>K18,"ذياده",IF(J18<K18,"ناقص","")) | I18: =IF(J18>K18,J18-K18,K18-J18) -> 0 | J18: =SUMIF($L$11:$AQ$11,$L$11,L18:AQ18) -> 0 | K18: =SUMIF($L$11:$AQ$11,$M$11,L18:AQ18) -> 0
A19: 8 | G19: =IF(J19>K19,"متزن",IF(J19<K19,"غير متزن","")) | H19: =IF(J19>K19,"ذياده",IF(J19<K19,"ناقص","")) | I19: =IF(J19>K19,J19-K19,K19-J19) -> 0 | J19: =SUMIF($L$11:$AQ$11,$L$11,L19:AQ19) -> 0 | K19: =SUMIF($L$11:$AQ$11,$M$11,L19:AQ19) -> 0
A20: 9 | G20: =IF(J20>K20,"متزن",IF(J20<K20,"غير متزن","")) | H20: =IF(J20>K20,"ذياده",IF(J20<K20,"ناقص","")) | I20: =IF(J20>K20,J20-K20,K20-J20) -> 0 | J20: =SUMIF($L$11:$AQ$11,$L$11,L20:AQ20) -> 0 | K20: =SUMIF($L$11:$AQ$11,$M$11,L20:AQ20) -> 0
A21: 10 | G21: =IF(J21>K21,"متزن",IF(J21<K21,"غير متزن","")) | H21: =IF(J21>K21,"ذياده",IF(J21<K21,"ناقص","")) | I21: =IF(J21>K21,J21-K21,K21-J21) -> 0 | J21: =SUMIF($L$11:$AQ$11,$L$11,L21:AQ21) -> 0 | K21: =SUMIF($L$11:$AQ$11,$M$11,L21:AQ21) -> 0
A22: 11 | G22: =IF(J22>K22,"متزن",IF(J22<K22,"غير متزن","")) | H22: =IF(J22>K22,"ذياده",IF(J22<K22,"ناقص","")) | I22: =IF(J22>K22,J22-K22,K22-J22) -> 0 | J22: =SUMIF($L$11:$AQ$11,$L$11,L22:AQ22) -> 0 | K22: =SUMIF($L$11:$AQ$11,$M$11,L22:AQ22) -> 0
A23: 12 | G23: =IF(J23>K23,"متزن",IF(J23<K23,"غير متزن","")) | H23: =IF(J23>K23,"ذياده",IF(J23<K23,"ناقص","")) | I23: =IF(J23>K23,J23-K23,K23-J23) -> 0 | J23: =SUMIF($L$11:$AQ$11,$L$11,L23:AQ23) -> 0 | K23: =SUMIF($L$11:$AQ$11,$M$11,L23:AQ23) -> 0
A24: 13 | G24: =IF(J24>K24,"متزن",IF(J24<K24,"غير متزن","")) | H24: =IF(J24>K24,"ذياده",IF(J24<K24,"ناقص","")) | I24: =IF(J24>K24,J24-K24,K24-J24) -> 0 | J24: =SUMIF($L$11:$AQ$11,$L$11,L24:AQ24) -> 0 | K24: =SUMIF($L$11:$AQ$11,$M$11,L24:AQ24) -> 0
A25: 14 | G25: =IF(J25>K25,"متزن",IF(J25<K25,"غير متزن","")) | H25: =IF(J25>K25,"ذياده",IF(J25<K25,"ناقص","")) | I25: =IF(J25>K25,J25-K25,K25-J25) -> 0 | J25: =SUMIF($L$11:$AQ$11,$L$11,L25:AQ25) -> 0 | K25: =SUMIF($L$11:$AQ$11,$M$11,L25:AQ25) -> 0
A26: 15 | G26: =IF(J26>K26,"متزن",IF(J26<K26,"غير متزن","")) | H26: =IF(J26>K26,"ذياده",IF(J26<K26,"ناقص","")) | I26: =IF(J26>K26,J26-K26,K26-J26) -> 0 | J26: =SUMIF($L$11:$AQ$11,$L$11,L26:AQ26) -> 0 | K26: =SUMIF($L$11:$AQ$11,$M$11,L26:AQ26) -> 0
... A31: 20 | G31: =IF(J31>K31,"متزن",IF(J31<K31,"غير متزن","")) | H31: =IF(J31>K31,"ذياده",IF(J31<K31,"ناقص","")) | I31: =IF(J31>K31,J31-K31,K31-J31) -> 0 | J31: =SUMIF($L$11:$AQ$11,$L$11,L31:AQ31) -> 0 | K31: =SUMIF($L$11:$AQ$11,$M$11,L31:AQ31) -> 0
A32: الاجمالى | H32: =IF(J32>K32,"ذياده",IF(J32<K32,"ناقص","")) -> ناقص | J32: =SUM(J12:J31) -> 0 | K32: =SUM(K12:K31) -> 1000 | L32: =SUM(L12:L31) -> 0 | M32: =SUM(M12:M31) -> 1000 | N32: =SUM(N12:N31) -> 0 | O32: =SUM(O12:O31) -> 0 | P32: =SUM(P12:P31) -> 0 | Q32: =SUM(Q12:Q31) -> 0 | ... AQ32: =SUM(AQ12:AQ31) -> 0

Sheet 8
L8: =L32-M32+SUM('7'!L8:M8) -> -1000 | N8: =N32-O32+SUM('7'!N8:O8) -> 0 | P8: =P32-Q32+SUM('7'!P8:Q8) -> 0 | R8: =R32-S32+SUM('7'!R8:S8) -> 0 | T8: =T32-U32+SUM('7'!T8:U8) -> 0 | V8: =V32-W32+SUM('7'!V8:W8) -> 0 | X8: =X32-Y32+SUM('7'!X8:Y8) -> 0 | Z8: =Z32-AA32+SUM('7'!Z8:AA8) -> 0 | AB8: =AB32-AC32+SUM('7'!AB8:AC8) -> 0 | AD8: =AD32-AE32+SUM('7'!AD8:AE8) -> 0 | AF8: =AF32-AG32+SUM('7'!AF8:AG8) -> 0 | AH8: =AH32-AI32+SUM('7'!AH8:AI8) -> 0 | AJ8: =AJ32-AK32+SUM('7'!AJ8:AK8) -> 0 | AL8: =AL32-AM32+SUM('7'!AL8:AM8) -> 0 | AN8: =AN32-AO32+SUM('7'!AN8:AO8) -> 0 | AP8: =AP32-AQ32+SUM('7'!AP8:AQ8) -> 0
A10: م | B10: التاريخ | C10: البيان | D10: نوع البيان | G10: متزن | H10: الفرق | J10: الاجمالى | L10: النقدية | N10: البنك | P10: المبيعات | R10: المشتريات | T10: العملاء | V10: الموردون | X10: جارى الشركات | Z10: رأس المال | AB10: المخزون | AD10: الايرادات | AF10: المصروفات | AH10: ارصده مدينة | AJ10: ارصده دائنة | AL10: ارصده دائنة | AN10: ارباح مرحله | AP10: القيمه المضافة
D11: صرف | E11: التحصيل | F11: اثبات | J11: مدين | K11: دائن | L11: مدين | M11: دائن | N11: مدين | O11: دائن | P11: مدين | Q11: دائن | R11: مدين | S11: دائن | T11: مدين | U11: دائن | V11: مدين | W11: دائن | X11: مدين | Y11: دائن | Z11: مدين | AA11: دائن | AB11: مدين | AC11: دائن | AD11: مدين | AE11: دائن | AF11: مدين | AG11: دائن | AH11: مدين | AI11: دائن | AJ11: مدين | AK11: دائن | AL11: مدين | AM11: دائن | AN11: مدين | AO11: دائن | AP11: مدين | AQ11: دائن
A12: 1 | G12: =IF(J12>K12,"متزن",IF(J12<K12,"غير متزن","")) | H12: =IF(J12>K12,"ذياده",IF(J12<K12,"ناقص","")) | I12: =IF(J12>K12,J12-K12,K12-J12) -> 0 | J12: =SUMIF($L$11:$AQ$11,$L$11,L12:AQ12) -> 0 | K12: =SUMIF($L$11:$AQ$11,$M$11,L12:AQ12) -> 0
A13: 2 | G13: =IF(J13>K13,"متزن",IF(J13<K13,"غير متزن","")) | H13: =IF(J13>K13,"ذياده",IF(J13<K13,"ناقص","")) | I13: =IF(J13>K13,J13-K13,K13-J13) -> 0 | J13: =SUMIF($L$11:$AQ$11,$L$11,L13:AQ13) -> 0 | K13: =SUMIF($L$11:$AQ$11,$M$11,L13:AQ13) -> 0
A14: 3 | G14: =IF(J14>K14,"متزن",IF(J14<K14,"غير متزن","")) | H14: =IF(J14>K14,"ذياده",IF(J14<K14,"ناقص","")) | I14: =IF(J14>K14,J14-K14,K14-J14) -> 0 | J14: =SUMIF($L$11:$AQ$11,$L$11,L14:AQ14) -> 0 | K14: =SUMIF($L$11:$AQ$11,$M$11,L14:AQ14) -> 0
A15: 4 | G15: =IF(J15>K15,"متزن",IF(J15<K15,"غير متزن","")) | H15: =IF(J15>K15,"ذياده",IF(J15<K15,"ناقص","")) | I15: =IF(J15>K15,J15-K15,K15-J15) -> 0 | J15: =SUMIF($L$11:$AQ$11,$L$11,L15:AQ15) -> 0 | K15: =SUMIF($L$11:$AQ$11,$M$11,L15:AQ15) -> 0
A16: 5 | G16: =IF(J16>K16,"متزن",IF(J16<K16,"غير متزن","")) | H16: =IF(J16>K16,"ذياده",IF(J16<K16,"ناقص","")) | I16: =IF(J16>K16,J16-K16,K16-J16) -> 0 | J16: =SUMIF($L$11:$AQ$11,$L$11,L16:AQ16) -> 0 | K16: =SUMIF($L$11:$AQ$11,$M$11,L16:AQ16) -> 0
A17: 6 | G17: =IF(J17>K17,"متزن",IF(J17<K17,"غير متزن","")) | H17: =IF(J17>K17,"ذياده",IF(J17<K17,"ناقص","")) | I17: =IF(J17>K17,J17-K17,K17-J17) -> 0 | J17: =SUMIF($L$11:$AQ$11,$L$11,L17:AQ17) -> 0 | K17: =SUMIF($L$11:$AQ$11,$M$11,L17:AQ17) -> 0
A18: 7 | G18: =IF(J18>K18,"متزن",IF(J18<K18,"غير متزن","")) | H18: =IF(J18>K18,"ذياده",IF(J18<K18,"ناقص","")) | I18: =IF(J18>K18,J18-K18,K18-J18) -> 0 | J18: =SUMIF($L$11:$AQ$11,$L$11,L18:AQ18) -> 0 | K18: =SUMIF($L$11:$AQ$11,$M$11,L18:AQ18) -> 0
A19: 8 | G19: =IF(J19>K19,"متزن",IF(J19<K19,"غير متزن","")) | H19: =IF(J19>K19,"ذياده",IF(J19<K19,"ناقص","")) | I19: =IF(J19>K19,J19-K19,K19-J19) -> 0 | J19: =SUMIF($L$11:$AQ$11,$L$11,L19:AQ19) -> 0 | K19: =SUMIF($L$11:$AQ$11,$M$11,L19:AQ19) -> 0
A20: 9 | G20: =IF(J20>K20,"متزن",IF(J20<K20,"غير متزن","")) | H20: =IF(J20>K20,"ذياده",IF(J20<K20,"ناقص","")) | I20: =IF(J20>K20,J20-K20,K20-J20) -> 0 | J20: =SUMIF($L$11:$AQ$11,$L$11,L20:AQ20) -> 0 | K20: =SUMIF($L$11:$AQ$11,$M$11,L20:AQ20) -> 0
A21: 10 | G21: =IF(J21>K21,"متزن",IF(J21<K21,"غير متزن","")) | H21: =IF(J21>K21,"ذياده",IF(J21<K21,"ناقص","")) | I21: =IF(J21>K21,J21-K21,K21-J21) -> 0 | J21: =SUMIF($L$11:$AQ$11,$L$11,L21:AQ21) -> 0 | K21: =SUMIF($L$11:$AQ$11,$M$11,L21:AQ21) -> 0
A22: 11 | G22: =IF(J22>K22,"متزن",IF(J22<K22,"غير متزن","")) | H22: =IF(J22>K22,"ذياده",IF(J22<K22,"ناقص","")) | I22: =IF(J22>K22,J22-K22,K22-J22) -> 0 | J22: =SUMIF($L$11:$AQ$11,$L$11,L22:AQ22) -> 0 | K22: =SUMIF($L$11:$AQ$11,$M$11,L22:AQ22) -> 0
A23: 12 | G23: =IF(J23>K23,"متزن",IF(J23<K23,"غير متزن","")) | H23: =IF(J23>K23,"ذياده",IF(J23<K23,"ناقص","")) | I23: =IF(J23>K23,J23-K23,K23-J23) -> 0 | J23: =SUMIF($L$11:$AQ$11,$L$11,L23:AQ23) -> 0 | K23: =SUMIF($L$11:$AQ$11,$M$11,L23:AQ23) -> 0
... A31: 20 | G31: =IF(J31>K31,"متزن",IF(J31<K31,"غير متزن","")) | H31: =IF(J31>K31,"ذياده",IF(J31<K31,"ناقص","")) | I31: =IF(J31>K31,J31-K31,K31-J31) -> 0 | J31: =SUMIF($L$11:$AQ$11,$L$11,L31:AQ31) -> 0 | K31: =SUMIF($L$11:$AQ$11,$M$11,L31:AQ31) -> 0
A32: الاجمالى | H32: =IF(J32>K32,"ذياده",IF(J32<K32,"ناقص","")) | J32: =SUM(J12:J31) -> 0 | K32: =SUM(K12:K31) -> 0 | L32: =SUM(L12:L31) -> 0 | M32: =SUM(M12:M31) -> 0 | N32: =SUM(N12:N31) -> 0 | O32: =SUM(O12:O31) -> 0 | P32: =SUM(P12:P31) -> 0 | Q32: =SUM(Q12:Q31) -> 0 | ... AQ32: =SUM(AQ12:AQ31) -> 0

Sheet 9
L8: =L32-M32+SUM('8'!L8:M8) -> -1000 | N8: =N32-O32+SUM('8'!N8:O8) -> 0 | P8: =P32-Q32+SUM('8'!P8:Q8) -> 0 | R8: =R32-S32+SUM('8'!R8:S8) -> 0 | T8: =T32-U32+SUM('8'!T8:U8) -> 0 | V8: =V32-W32+SUM('8'!V8:W8) -> 0 | X8: =X32-Y32+SUM('8'!X8:Y8) -> 0 | Z8: =Z32-AA32+SUM('8'!Z8:AA8) -> 0 | AB8: =AB32-AC32+SUM('8'!AB8:AC8) -> 0 | AD8: =AD32-AE32+SUM('8'!AD8:AE8) -> 0 | AF8: =AF32-AG32+SUM('8'!AF8:AG8) -> 0 | AH8: =AH32-AI32+SUM('8'!AH8:AI8) -> 0 | AJ8: =AJ32-AK32+SUM('8'!AJ8:AK8) -> 0 | AL8: =AL32-AM32+SUM('8'!AL8:AM8) -> 0 | AN8: =AN32-AO32+SUM('8'!AN8:AO8) -> 0 | AP8: =AP32-AQ32+SUM('8'!AP8:AQ8) -> 0
A10: م | B10: التاريخ | C10: البيان | D10: نوع البيان | G10: متزن | H10: الفرق | J10: الاجمالى | L10: النقدية | N10: البنك | P10: المبيعات | R10: المشتريات | T10: العملاء | V10: الموردون | X10: جارى الشركات | Z10: رأس المال | AB10: المخزون | AD10: الايرادات | AF10: المصروفات | AH10: ارصده مدينة | AJ10: ارصده دائنة | AL10: ارصده دائنة | AN10: ارباح مرحله | AP10: القيمه المضافة
D11: صرف | E11: التحصيل | F11: اثبات | J11: مدين | K11: دائن | L11: مدين | M11: دائن | N11: مدين | O11: دائن | P11: مدين | Q11: دائن | R11: مدين | S11: دائن | T11: مدين | U11: دائن | V11: مدين | W11: دائن | X11: مدين | Y11: دائن | Z11: مدين | AA11: دائن | AB11: مدين | AC11: دائن | AD11: مدين | AE11: دائن | AF11: مدين | AG11: دائن | AH11: مدين | AI11: دائن | AJ11: مدين | AK11: دائن | AL11: مدين | AM11: دائن | AN11: مدين | AO11: دائن | AP11: مدين | AQ11: دائن
A12: 1 | G12: =IF(J12>K12,"متزن",IF(J12<K12,"غير متزن","")) | H12: =IF(J12>K12,"ذياده",IF(J12<K12,"ناقص","")) | I12: =IF(J12>K12,J12-K12,K12-J12) -> 0 | J12: =SUMIF($L$11:$AQ$11,$L$11,L12:AQ12) -> 0 | K12: =SUMIF($L$11:$AQ$11,$M$11,L12:AQ12) -> 0
A13: 2 | G13: =IF(J13>K13,"متزن",IF(J13<K13,"غير متزن","")) | H13: =IF(J13>K13,"ذياده",IF(J13<K13,"ناقص","")) | I13: =IF(J13>K13,J13-K13,K13-J13) -> 0 | J13: =SUMIF($L$11:$AQ$11,$L$11,L13:AQ13) -> 0 | K13: =SUMIF($L$11:$AQ$11,$M$11,L13:AQ13) -> 0
A14: 3 | G14: =IF(J14>K14,"متزن",IF(J14<K14,"غير متزن","")) | H14: =IF(J14>K14,"ذياده",IF(J14<K14,"ناقص","")) | I14: =IF(J14>K14,J14-K14,K14-J14) -> 0 | J14: =SUMIF($L$11:$AQ$11,$L$11,L14:AQ14) -> 0 | K14: =SUMIF($L$11:$AQ$11,$M$11,L14:AQ14) -> 0
A15: 4 | G15: =IF(J15>K15,"متزن",IF(J15<K15,"غير متزن","")) | H15: =IF(J15>K15,"ذياده",IF(J15<K15,"ناقص","")) | I15: =IF(J15>K15,J15-K15,K15-J15) -> 0 | J15: =SUMIF($L$11:$AQ$11,$L$11,L15:AQ15) -> 0 | K15: =SUMIF($L$11:$AQ$11,$M$11,L15:AQ15) -> 0
A16: 5 | G16: =IF(J16>K16,"متزن",IF(J16<K16,"غير متزن","")) | H16: =IF(J16>K16,"ذياده",IF(J16<K16,"ناقص","")) | I16: =IF(J16>K16,J16-K16,K16-J16) -> 0 | J16: =SUMIF($L$11:$AQ$11,$L$11,L16:AQ16) -> 0 | K16: =SUMIF($L$11:$AQ$11,$M$11,L16:AQ16) -> 0
A17: 6 | G17: =IF(J17>K17,"متزن",IF(J17<K17,"غير متزن","")) | H17: =IF(J17>K17,"ذياده",IF(J17<K17,"ناقص","")) | I17: =IF(J17>K17,J17-K17,K17-J17) -> 0 | J17: =SUMIF($L$11:$AQ$11,$L$11,L17:AQ17) -> 0 | K17: =SUMIF($L$11:$AQ$11,$M$11,L17:AQ17) -> 0
A18: 7 | G18: =IF(J18>K18,"متزن",IF(J18<K18,"غير متزن","")) | H18: =IF(J18>K18,"ذياده",IF(J18<K18,"ناقص","")) | I18: =IF(J18>K18,J18-K18,K18-J18) -> 0 | J18: =SUMIF($L$11:$AQ$11,$L$11,L18:AQ18) -> 0 | K18: =SUMIF($L$11:$AQ$11,$M$11,L18:AQ18) -> 0
A19: 8 | G19: =IF(J19>K19,"متزن",IF(J19<K19,"غير متزن","")) | H19: =IF(J19>K19,"ذياده",IF(J19<K19,"ناقص","")) | I19: =IF(J19>K19,J19-K19,K19-J19) -> 0 | J19: =SUMIF($L$11:$AQ$11,$L$11,L19:AQ19) -> 0 | K19: =SUMIF($L$11:$AQ$11,$M$11,L19:AQ19) -> 0
A20: 9 | G20: =IF(J20>K20,"متزن",IF(J20<K20,"غير متزن","")) | H20: =IF(J20>K20,"ذياده",IF(J20<K20,"ناقص","")) | I20: =IF(J20>K20,J20-K20,K20-J20) -> 0 | J20: =SUMIF($L$11:$AQ$11,$L$11,L20:AQ20) -> 0 | K20: =SUMIF($L$11:$AQ$11,$M$11,L20:AQ20) -> 0
A21: 10 | G21: =IF(J21>K21,"متزن",IF(J21<K21,"غير متزن","")) | H21: =IF(J21>K21,"ذياده",IF(J21<K21,"ناقص","")) | I21: =IF(J21>K21,J21-K21,K21-J21) -> 0 | J21: =SUMIF($L$11:$AQ$11,$L$11,L21:AQ21) -> 0 | K21: =SUMIF($L$11:$AQ$11,$M$11,L21:AQ21) -> 0
A22: 11 | G22: =IF(J22>K22,"متزن",IF(J22<K22,"غير متزن","")) | H22: =IF(J22>K22,"ذياده",IF(J22<K22,"ناقص","")) | I22: =IF(J22>K22,J22-K22,K22-J22) -> 0 | J22: =SUMIF($L$11:$AQ$11,$L$11,L22:AQ22) -> 0 | K22: =SUMIF($L$11:$AQ$11,$M$11,L22:AQ22) -> 0
A23: 12 | G23: =IF(J23>K23,"متزن",IF(J23<K23,"غير متزن","")) | H23: =IF(J23>K23,"ذياده",IF(J23<K23,"ناقص","")) | I23: =IF(J23>K23,J23-K23,K23-J23) -> 0 | J23: =SUMIF($L$11:$AQ$11,$L$11,L23:AQ23) -> 0 | K23: =SUMIF($L$11:$AQ$11,$M$11,L23:AQ23) -> 0
... A31: 20 | G31: =IF(J31>K31,"متزن",IF(J31<K31,"غير متزن","")) | H31: =IF(J31>K31,"ذياده",IF(J31<K31,"ناقص","")) | I31: =IF(J31>K31,J31-K31,K31-J31) -> 0 | J31: =SUMIF($L$11:$AQ$11,$L$11,L31:AQ31) -> 0 | K31: =SUMIF($L$11:$AQ$11,$M$11,L31:AQ31) -> 0
A32: الاجمالى | H32: =IF(J32>K32,"ذياده",IF(J32<K32,"ناقص","")) | J32: =SUM(J12:J31) -> 0 | K32: =SUM(K12:K31) -> 0 | L32: =SUM(L12:L31) -> 0 | M32: =SUM(M12:M31) -> 0 | N32: =SUM(N12:N31) -> 0 | O32: =SUM(O12:O31) -> 0 | P32: =SUM(P12:P31) -> 0 | Q32: =SUM(Q12:Q31) -> 0 | ... AQ32: =SUM(AQ12:AQ31) -> 0

Sheet 10
L8: =L32-M32+SUM('9'!L8:M8) -> -1000 | N8: =N32-O32+SUM('9'!N8:O8) -> 0 | P8: =P32-Q32+SUM('9'!P8:Q8) -> 0 | R8: =R32-S32+SUM('9'!R8:S8) -> 0 | T8: =T32-U32+SUM('9'!T8:U8) -> 0 | V8: =V32-W32+SUM('9'!V8:W8) -> 0 | X8: =X32-Y32+SUM('9'!X8:Y8) -> 0 | Z8: =Z32-AA32+SUM('9'!Z8:AA8) -> 0 | AB8: =AB32-AC32+SUM('9'!AB8:AC8) -> 0 | AD8: =AD32-AE32+SUM('9'!AD8:AE8) -> 0 | AF8: =AF32-AG32+SUM('9'!AF8:AG8) -> 0 | AH8: =AH32-AI32+SUM('9'!AH8:AI8) -> 0 | AJ8: =AJ32-AK32+SUM('9'!AJ8:AK8) -> 0 | AL8: =AL32-AM32+SUM('9'!AL8:AM8) -> 0 | AN8: =AN32-AO32+SUM('9'!AN8:AO8) -> 0 | AP8: =AP32-AQ32+SUM('9'!AP8:AQ8) -> 0
A10: م | B10: التاريخ | C10: البيان | D10: نوع البيان | G10: متزن | H10: الفرق | J10: الاجمالى | L10: النقدية | N10: البنك | P10: المبيعات | R10: المشتريات | T10: العملاء | V10: الموردون | X10: جارى الشركات | Z10: رأس المال | AB10: المخزون | AD10: الايرادات | AF10: المصروفات | AH10: ارصده مدينة | AJ10: ارصده دائنة | AL10: ارصده دائنة | AN10: ارباح مرحله | AP10: القيمه المضافة
D11: صرف | E11: التحصيل | F11: اثبات | J11: مدين | K11: دائن | L11: مدين | M11: دائن | N11: مدين | O11: دائن | P11: مدين | Q11: دائن | R11: مدين | S11: دائن | T11: مدين | U11: دائن | V11: مدين | W11: دائن | X11: مدين | Y11: دائن | Z11: مدين | AA11: دائن | AB11: مدين | AC11: دائن | AD11: مدين | AE11: دائن | AF11: مدين | AG11: دائن | AH11: مدين | AI11: دائن | AJ11: مدين | AK11: دائن | AL11: مدين | AM11: دائن | AN11: مدين | AO11: دائن | AP11: مدين | AQ11: دائن
A12: 1 | G12: =IF(J12>K12,"متزن",IF(J12<K12,"غير متزن","")) | H12: =IF(J12>K12,"ذياده",IF(J12<K12,"ناقص","")) | I12: =IF(J12>K12,J12-K12,K12-J12) -> 0 | J12: =SUMIF($L$11:$AQ$11,$L$11,L12:AQ12) -> 0 | K12: =SUMIF($L$11:$AQ$11,$M$11,L12:AQ12) -> 0
A13: 2 | G13: =IF(J13>K13,"متزن",IF(J13<K13,"غير متزن","")) | H13: =IF(J13>K13,"ذياده",IF(J13<K13,"ناقص","")) | I13: =IF(J13>K13,J13-K13,K13-J13) -> 0 | J13: =SUMIF($L$11:$AQ$11,$L$11,L13:AQ13) -> 0 | K13: =SUMIF($L$11:$AQ$11,$M$11,L13:AQ13) -> 0
A14: 3 | G14: =IF(J14>K14,"متزن",IF(J14<K14,"غير متزن","")) | H14: =IF(J14>K14,"ذياده",IF(J14<K14,"ناقص","")) | I14: =IF(J14>K14,J14-K14,K14-J14) -> 0 | J14: =SUMIF($L$11:$AQ$11,$L$11,L14:AQ14) -> 0 | K14: =SUMIF($L$11:$AQ$11,$M$11,L14:AQ14) -> 0
A15: 4 | G15: =IF(J15>K15,"متزن",IF(J15<K15,"غير متزن","")) | H15: =IF(J15>K15,"ذياده",IF(J15<K15,"ناقص","")) | I15: =IF(J15>K15,J15-K15,K15-J15) -> 0 | J15: =SUMIF($L$11:$AQ$11,$L$11,L15:AQ15) -> 0 | K15: =SUMIF($L$11:$AQ$11,$M$11,L15:AQ15) -> 0
A16: 5 | G16: =IF(J16>K16,"متزن",IF(J16<K16,"غير متزن","")) | H16: =IF(J16>K16,"ذياده",IF(J16<K16,"ناقص","")) | I16: =IF(J16>K16,J16-K16,K16-J16) -> 0 | J16: =SUMIF($L$11:$AQ$11,$L$11,L16:AQ16) -> 0 | K16: =SUMIF($L$11:$AQ$11,$M$11,L16:AQ16) -> 0
A17: 6 | G17: =IF(J17>K17,"متزن",IF(J17<K17,"غير متزن","")) | H17: =IF(J17>K17,"ذياده",IF(J17<K17,"ناقص","")) | I17: =IF(J17>K17,J17-K17,K17-J17) -> 0 | J17: =SUMIF($L$11:$AQ$11,$L$11,L17:AQ17) -> 0 | K17: =SUMIF($L$11:$AQ$11,$M$11,L17:AQ17) -> 0
A18: 7 | G18: =IF(J18>K18,"متزن",IF(J18<K18,"غير متزن","")) | H18: =IF(J18>K18,"ذياده",IF(J18<K18,"ناقص","")) | I18: =IF(J18>K18,J18-K18,K18-J18) -> 0 | J18: =SUMIF($L$11:$AQ$11,$L$11,L18:AQ18) -> 0 | K18: =SUMIF($L$11:$AQ$11,$M$11,L18:AQ18) -> 0
A19: 8 | G19: =IF(J19>K19,"متزن",IF(J19<K19,"غير متزن","")) | H19: =IF(J19>K19,"ذياده",IF(J19<K19,"ناقص","")) | I19: =IF(J19>K19,J19-K19,K19-J19) -> 0 | J19: =SUMIF($L$11:$AQ$11,$L$11,L19:AQ19) -> 0 | K19: =SUMIF($L$11:$AQ$11,$M$11,L19:AQ19) -> 0
A20: 9 | G20: =IF(J20>K20,"متزن",IF(J20<K20,"غير متزن","")) | H20: =IF(J20>K20,"ذياده",IF(J20<K20,"ناقص","")) | I20: =IF(J20>K20,J20-K20,K20-J20) -> 0 | J20: =SUMIF($L$11:$AQ$11,$L$11,L20:AQ20) -> 0 | K20: =SUMIF($L$11:$AQ$11,$M$11,L20:AQ20) -> 0
A21: 10 | G21: =IF(J21>K21,"متزن",IF(J21<K21,"غير متزن","")) | H21: =IF(J21>K21,"ذياده",IF(J21<K21,"ناقص","")) | I21: =IF(J21>K21,J21-K21,K21-J21) -> 0 | J21: =SUMIF($L$11:$AQ$11,$L$11,L21:AQ21) -> 0 | K21: =SUMIF($L$11:$AQ$11,$M$11,L21:AQ21) -> 0
A22: 11 | G22: =IF(J22>K22,"متزن",IF(J22<K22,"غير متزن","")) | H22: =IF(J22>K22,"ذياده",IF(J22<K22,"ناقص","")) | I22: =IF(J22>K22,J22-K22,K22-J22) -> 0 | J22: =SUMIF($L$11:$AQ$11,$L$11,L22:AQ22) -> 0 | K22: =SUMIF($L$11:$AQ$11,$M$11,L22:AQ22) -> 0
A23: 12 | G23: =IF(J23>K23,"متزن",IF(J23<K23,"غير متزن","")) | H23: =IF(J23>K23,"ذياده",IF(J23<K23,"ناقص","")) | I23: =IF(J23>K23,J23-K23,K23-J23) -> 0 | J23: =SUMIF($L$11:$AQ$11,$L$11,L23:AQ23) -> 0 | K23: =SUMIF($L$11:$AQ$11,$M$11,L23:AQ23) -> 0
... A31: 20 | G31: =IF(J31>K31,"متزن",IF(J31<K31,"غير متزن","")) | H31: =IF(J31>K31,"ذياده",IF(J31<K31,"ناقص","")) | I31: =IF(J31>K31,J31-K31,K31-J31) -> 0 | J31: =SUMIF($L$11:$AQ$11,$L$11,L31:AQ31) -> 0 | K31: =SUMIF($L$11:$AQ$11,$M$11,L31:AQ31) -> 0
A32: الاجمالى | H32: =IF(J32>K32,"ذياده",IF(J32<K32,"ناقص","")) | J32: =SUM(J12:J31) -> 0 | K32: =SUM(K12:K31) -> 0 | L32: =SUM(L12:L31) -> 0 | M32: =SUM(M12:M31) -> 0 | N32: =SUM(N12:N31) -> 0 | O32: =SUM(O12:O31) -> 0 | P32: =SUM(P12:P31) -> 0 | Q32: =SUM(Q12:Q31) -> 0 | ... AQ32: =SUM(AQ12:AQ31) -> 0

Sheet 11
L8: =L32-M32+SUM('10'!L8:M8) -> -1000 | N8: =N32-O32+SUM('10'!N8:O8) -> 0 | P8: =P32-Q32+SUM('10'!P8:Q8) -> 0 | R8: =R32-S32+SUM('10'!R8:S8) -> 0 | T8: =T32-U32+SUM('10'!T8:U8) -> 0 | V8: =V32-W32+SUM('10'!V8:W8) -> 0 | X8: =X32-Y32+SUM('10'!X8:Y8) -> 0 | Z8: =Z32-AA32+SUM('10'!Z8:AA8) -> 0 | AB8: =AB32-AC32+SUM('10'!AB8:AC8) -> 0 | AD8: =AD32-AE32+SUM('10'!AD8:AE8) -> 0 | AF8: =AF32-AG32+SUM('10'!AF8:AG8) -> 0 | AH8: =AH32-AI32+SUM('10'!AH8:AI8) -> 0 | AJ8: =AJ32-AK32+SUM('10'!AJ8:AK8) -> 0 | AL8: =AL32-AM32+SUM('10'!AL8:AM8) -> 0 | AN8: =AN32-AO32+SUM('10'!AN8:AO8) -> 0 | AP8: =AP32-AQ32+SUM('10'!AP8:AQ8) -> 0
A10: م | B10: التاريخ | C10: البيان | D10: نوع البيان | G10: متزن | H10: الفرق | J10: الاجمالى | L10: النقدية | N10: البنك | P10: المبيعات | R10: المشتريات | T10: العملاء | V10: الموردون | X10: جارى الشركات | Z10: رأس المال | AB10: المخزون | AD10: الايرادات | AF10: المصروفات | AH10: ارصده مدينة | AJ10: ارصده دائنة | AL10: ارصده دائنة | AN10: ارباح مرحله | AP10: القيمه المضافة
D11: صرف | E11: التحصيل | F11: اثبات | J11: مدين | K11: دائن | L11: مدين | M11: دائن | N11: مدين | O11: دائن | P11: مدين | Q11: دائن | R11: مدين | S11: دائن | T11: مدين | U11: دائن | V11: مدين | W11: دائن | X11: مدين | Y11: دائن | Z11: مدين | AA11: دائن | AB11: مدين | AC11: دائن | AD11: مدين | AE11: دائن | AF11: مدين | AG11: دائن | AH11: مدين | AI11: دائن | AJ11: مدين | AK11: دائن | AL11: مدين | AM11: دائن | AN11: مدين | AO11: دائن | AP11: مدين | AQ11: دائن
A12: 1 | G12: =IF(J12>K12,"متزن",IF(J12<K12,"غير متزن","")) | H12: =IF(J12>K12,"ذياده",IF(J12<K12,"ناقص","")) | I12: =IF(J12>K12,J12-K12,K12-J12) -> 0 | J12: =SUMIF($L$11:$AQ$11,$L$11,L12:AQ12) -> 0 | K12: =SUMIF($L$11:$AQ$11,$M$11,L12:AQ12) -> 0
A13: 2 | G13: =IF(J13>K13,"متزن",IF(J13<K13,"غير متزن","")) | H13: =IF(J13>K13,"ذياده",IF(J13<K13,"ناقص","")) | I13: =IF(J13>K13,J13-K13,K13-J13) -> 0 | J13: =SUMIF($L$11:$AQ$11,$L$11,L13:AQ13) -> 0 | K13: =SUMIF($L$11:$AQ$11,$M$11,L13:AQ13) -> 0
A14: 3 | G14: =IF(J14>K14,"متزن",IF(J14<K14,"غير متزن","")) | H14: =IF(J14>K14,"ذياده",IF(J14<K14,"ناقص","")) | I14: =IF(J14>K14,J14-K14,K14-J14) -> 0 | J14: =SUMIF($L$11:$AQ$11,$L$11,L14:AQ14) -> 0 | K14: =SUMIF($L$11:$AQ$11,$M$11,L14:AQ14) -> 0
A15: 4 | G15: =IF(J15>K15,"متزن",IF(J15<K15,"غير متزن","")) | H15: =IF(J15>K15,"ذياده",IF(J15<K15,"ناقص","")) | I15: =IF(J15>K15,J15-K15,K15-J15) -> 0 | J15: =SUMIF($L$11:$AQ$11,$L$11,L15:AQ15) -> 0 | K15: =SUMIF($L$11:$AQ$11,$M$11,L15:AQ15) -> 0
A16: 5 | G16: =IF(J16>K16,"متزن",IF(J16<K16,"غير متزن","")) | H16: =IF(J16>K16,"ذياده",IF(J16<K16,"ناقص","")) | I16: =IF(J16>K16,J16-K16,K16-J16) -> 0 | J16: =SUMIF($L$11:$AQ$11,$L$11,L16:AQ16) -> 0 | K16: =SUMIF($L$11:$AQ$11,$M$11,L16:AQ16) -> 0
A17: 6 | G17: =IF(J17>K17,"متزن",IF(J17<K17,"غير متزن","")) | H17: =IF(J17>K17,"ذياده",IF(J17<K17,"ناقص","")) | I17: =IF(J17>K17,J17-K17,K17-J17) -> 0 | J17: =SUMIF($L$11:$AQ$11,$L$11,L17:AQ17) -> 0 | K17: =SUMIF($L$11:$AQ$11,$M$11,L17:AQ17) -> 0
A18: 7 | G18: =IF(J18>K18,"متزن",IF(J18<K18,"غير متزن","")) | H18: =IF(J18>K18,"ذياده",IF(J18<K18,"ناقص","")) | I18: =IF(J18>K18,J18-K18,K18-J18) -> 0 | J18: =SUMIF($L$11:$AQ$11,$L$11,L18:AQ18) -> 0 | K18: =SUMIF($L$11:$AQ$11,$M$11,L18:AQ18) -> 0
A19: 8 | G19: =IF(J19>K19,"متزن",IF(J19<K19,"غير متزن","")) | H19: =IF(J19>K19,"ذياده",IF(J19<K19,"ناقص","")) | I19: =IF(J19>K19,J19-K19,K19-J19) -> 0 | J19: =SUMIF($L$11:$AQ$11,$L$11,L19:AQ19) -> 0 | K19: =SUMIF($L$11:$AQ$11,$M$11,L19:AQ19) -> 0
A20: 9 | G20: =IF(J20>K20,"متزن",IF(J20<K20,"غير متزن","")) | H20: =IF(J20>K20,"ذياده",IF(J20<K20,"ناقص","")) | I20: =IF(J20>K20,J20-K20,K20-J20) -> 0 | J20: =SUMIF($L$11:$AQ$11,$L$11,L20:AQ20) -> 0 | K20: =SUMIF($L$11:$AQ$11,$M$11,L20:AQ20) -> 0
A21: 10 | G21: =IF(J21>K21,"متزن",IF(J21<K21,"غير متزن","")) | H21: =IF(J21>K21,"ذياده",IF(J21<K21,"ناقص","")) | I21: =IF(J21>K21,J21-K21,K21-J21) -> 0 | J21: =SUMIF($L$11:$AQ$11,$L$11,L21:AQ21) -> 0 | K21: =SUMIF($L$11:$AQ$11,$M$11,L21:AQ21) -> 0
A22: 11 | G22: =IF(J22>K22,"متزن",IF(J22<K22,"غير متزن","")) | H22: =IF(J22>K22,"ذياده",IF(J22<K22,"ناقص","")) | I22: =IF(J22>K22,J22-K22,K22-J22) -> 0 | J22: =SUMIF($L$11:$AQ$11,$L$11,L22:AQ22) -> 0 | K22: =SUMIF($L$11:$AQ$11,$M$11,L22:AQ22) -> 0
A23: 12 | G23: =IF(J23>K23,"متزن",IF(J23<K23,"غير متزن","")) | H23: =IF(J23>K23,"ذياده",IF(J23<K23,"ناقص","")) | I23: =IF(J23>K23,J23-K23,K23-J23) -> 0 | J23: =SUMIF($L$11:$AQ$11,$L$11,L23:AQ23) -> 0 | K23: =SUMIF($L$11:$AQ$11,$M$11,L23:AQ23) -> 0
... A31: 20 | G31: =IF(J31>K31,"متزن",IF(J31<K31,"غير متزن","")) | H31: =IF(J31>K31,"ذياده",IF(J31<K31,"ناقص","")) | I31: =IF(J31>K31,J31-K31,K31-J31) -> 0 | J31: =SUMIF($L$11:$AQ$11,$L$11,L31:AQ31) -> 0 | K31: =SUMIF($L$11:$AQ$11,$M$11,L31:AQ31) -> 0
A32: الاجمالى | H32: =IF(J32>K32,"ذياده",IF(J32<K32,"ناقص","")) | J32: =SUM(J12:J31) -> 0 | K32: =SUM(K12:K31) -> 0 | L32: =SUM(L12:L31) -> 0 | M32: =SUM(M12:M31) -> 0 | N32: =SUM(N12:N31) -> 0 | O32: =SUM(O12:O31) -> 0 | P32: =SUM(P12:P31) -> 0 | Q32: =SUM(Q12:Q31) -> 0 | ... AQ32: =SUM(AQ12:AQ31) -> 0

Sheet 12
L8: =L32-M32+SUM('11'!L8:M8) -> -1000 | N8: =N32-O32+SUM('11'!N8:O8) -> 0 | P8: =P32-Q32+SUM('11'!P8:Q8) -> 0 | R8: =R32-S32+SUM('11'!R8:S8) -> 0 | T8: =T32-U32+SUM('11'!T8:U8) -> 0 | V8: =V32-W32+SUM('11'!V8:W8) -> 0 | X8: =X32-Y32+SUM('11'!X8:Y8) -> 0 | Z8: =Z32-AA32+SUM('11'!Z8:AA8) -> 0 | AB8: =AB32-AC32+SUM('11'!AB8:AC8) -> 0 | AD8: =AD32-AE32+SUM('11'!AD8:AE8) -> 0 | AF8: =AF32-AG32+SUM('11'!AF8:AG8) -> 0 | AH8: =AH32-AI32+SUM('11'!AH8:AI8) -> 0 | AJ8: =AJ32-AK32+SUM('11'!AJ8:AK8) -> 0 | AL8: =AL32-AM32+SUM('11'!AL8:AM8) -> 0 | AN8: =AN32-AO32+SUM('11'!AN8:AO8) -> 0 | AP8: =AP32-AQ32+SUM('11'!AP8:AQ8) -> 0
A10: م | B10: التاريخ | C10: البيان | D10: نوع البيان | G10: متزن | H10: الفرق | J10: الاجمالى | L10: النقدية | N10: البنك | P10: المبيعات | R10: المشتريات | T10: العملاء | V10: الموردون | X10: جارى الشركات | Z10: رأس المال | AB10: المخزون | AD10: الايرادات | AF10: المصروفات | AH10: ارصده مدينة | AJ10: ارصده دائنة | AL10: ارصده دائنة | AN10: ارباح مرحله | AP10: القيمه المضافة
D11: صرف | E11: التحصيل | F11: اثبات | J11: مدين | K11: دائن | L11: مدين | M11: دائن | N11: مدين | O11: دائن | P11: مدين | Q11: دائن | R11: مدين | S11: دائن | T11: مدين | U11: دائن | V11: مدين | W11: دائن | X11: مدين | Y11: دائن | Z11: مدين | AA11: دائن | AB11: مدين | AC11: دائن | AD11: مدين | AE11: دائن | AF11: مدين | AG11: دائن | AH11: مدين | AI11: دائن | AJ11: مدين | AK11: دائن | AL11: مدين | AM11: دائن | AN11: مدين | AO11: دائن | AP11: مدين | AQ11: دائن
A12: 1 | G12: =IF(J12>K12,"متزن",IF(J12<K12,"غير متزن","")) | H12: =IF(J12>K12,"ذياده",IF(J12<K12,"ناقص","")) | I12: =IF(J12>K12,J12-K12,K12-J12) -> 0 | J12: =SUMIF($L$11:$AQ$11,$L$11,L12:AQ12) -> 0 | K12: =SUMIF($L$11:$AQ$11,$M$11,L12:AQ12) -> 0
A13: 2 | G13: =IF(J13>K13,"متزن",IF(J13<K13,"غير متزن","")) | H13: =IF(J13>K13,"ذياده",IF(J13<K13,"ناقص","")) | I13: =IF(J13>K13,J13-K13,K13-J13) -> 0 | J13: =SUMIF($L$11:$AQ$11,$L$11,L13:AQ13) -> 0 | K13: =SUMIF($L$11:$AQ$11,$M$11,L13:AQ13) -> 0
A14: 3 | G14: =IF(J14>K14,"متزن",IF(J14<K14,"غير متزن","")) | H14: =IF(J14>K14,"ذياده",IF(J14<K14,"ناقص","")) | I14: =IF(J14>K14,J14-K14,K14-J14) -> 0 | J14: =SUMIF($L$11:$AQ$11,$L$11,L14:AQ14) -> 0 | K14: =SUMIF($L$11:$AQ$11,$M$11,L14:AQ14) -> 0
A15: 4 | G15: =IF(J15>K15,"متزن",IF(J15<K15,"غير متزن","")) | H15: =IF(J15>K15,"ذياده",IF(J15<K15,"ناقص","")) | I15: =IF(J15>K15,J15-K15,K15-J15) -> 0 | J15: =SUMIF($L$11:$AQ$11,$L$11,L15:AQ15) -> 0 | K15: =SUMIF($L$11:$AQ$11,$M$11,L15:AQ15) -> 0
A16: 5 | G16: =IF(J16>K16,"متزن",IF(J16<K16,"غير متزن","")) | H16: =IF(J16>K16,"ذياده",IF(J16<K16,"ناقص","")) | I16: =IF(J16>K16,J16-K16,K16-J16) -> 0 | J16: =SUMIF($L$11:$AQ$11,$L$11,L16:AQ16) -> 0 | K16: =SUMIF($L$11:$AQ$11,$M$11,L16:AQ16) -> 0
A17: 6 | G17: =IF(J17>K17,"متزن",IF(J17<K17,"غير متزن","")) | H17: =IF(J17>K17,"ذياده",IF(J17<K17,"ناقص","")) | I17: =IF(J17>K17,J17-K17,K17-J17) -> 0 | J17: =SUMIF($L$11:$AQ$11,$L$11,L17:AQ17) -> 0 | K17: =SUMIF($L$11:$AQ$11,$M$11,L17:AQ17) -> 0
A18: 7 | G18: =IF(J18>K18,"متزن",IF(J18<K18,"غير متزن","")) | H18: =IF(J18>K18,"ذياده",IF(J18<K18,"ناقص","")) | I18: =IF(J18>K18,J18-K18,K18-J18) -> 0 | J18: =SUMIF($L$11:$AQ$11,$L$11,L18:AQ18) -> 0 | K18: =SUMIF($L$11:$AQ$11,$M$11,L18:AQ18) -> 0
A19: 8 | G19: =IF(J19>K19,"متزن",IF(J19<K19,"غير متزن","")) | H19: =IF(J19>K19,"ذياده",IF(J19<K19,"ناقص","")) | I19: =IF(J19>K19,J19-K19,K19-J19) -> 0 | J19: =SUMIF($L$11:$AQ$11,$L$11,L19:AQ19) -> 0 | K19: =SUMIF($L$11:$AQ$11,$M$11,L19:AQ19) -> 0
A20: 9 | G20: =IF(J20>K20,"متزن",IF(J20<K20,"غير متزن","")) | H20: =IF(J20>K20,"ذياده",IF(J20<K20,"ناقص","")) | I20: =IF(J20>K20,J20-K20,K20-J20) -> 0 | J20: =SUMIF($L$11:$AQ$11,$L$11,L20:AQ20) -> 0 | K20: =SUMIF($L$11:$AQ$11,$M$11,L20:AQ20) -> 0
A21: 10 | G21: =IF(J21>K21,"متزن",IF(J21<K21,"غير متزن","")) | H21: =IF(J21>K21,"ذياده",IF(J21<K21,"ناقص","")) | I21: =IF(J21>K21,J21-K21,K21-J21) -> 0 | J21: =SUMIF($L$11:$AQ$11,$L$11,L21:AQ21) -> 0 | K21: =SUMIF($L$11:$AQ$11,$M$11,L21:AQ21) -> 0
A22: 11 | G22: =IF(J22>K22,"متزن",IF(J22<K22,"غير متزن","")) | H22: =IF(J22>K22,"ذياده",IF(J22<K22,"ناقص","")) | I22: =IF(J22>K22,J22-K22,K22-J22) -> 0 | J22: =SUMIF($L$11:$AQ$11,$L$11,L22:AQ22) -> 0 | K22: =SUMIF($L$11:$AQ$11,$M$11,L22:AQ22) -> 0
A23: 12 | G23: =IF(J23>K23,"متزن",IF(J23<K23,"غير متزن","")) | H23: =IF(J23>K23,"ذياده",IF(J23<K23,"ناقص","")) | I23: =IF(J23>K23,J23-K23,K23-J23) -> 0 | J23: =SUMIF($L$11:$AQ$11,$L$11,L23:AQ23) -> 0 | K23: =SUMIF($L$11:$AQ$11,$M$11,L23:AQ23) -> 0
... A31: 20 | G31: =IF(J31>K31,"متزن",IF(J31<K31,"غير متزن","")) | H31: =IF(J31>K31,"ذياده",IF(J31<K31,"ناقص","")) | I31: =IF(J31>K31,J31-K31,K31-J31) -> 0 | J31: =SUMIF($L$11:$AQ$11,$L$11,L31:AQ31) -> 0 | K31: =SUMIF($L$11:$AQ$11,$M$11,L31:AQ31) -> 0
A32: الاجمالى | H32: =IF(J32>K32,"ذياده",IF(J32<K32,"ناقص","")) | J32: =SUM(J12:J31) -> 0 | K32: =SUM(K12:K31) -> 0 | L32: =SUM(L12:L31) -> 0 | M32: =SUM(M12:M31) -> 0 | N32: =SUM(N12:N31) -> 0 | O32: =SUM(O12:O31) -> 0 | P32: =SUM(P12:P31) -> 0 | Q32: =SUM(Q12:Q31) -> 0 | ... AQ32: =SUM(AQ12:AQ31) -> 0

Sheet تسويات
L8: =L32-M32+SUM('12'!L8:M8) -> -1000 | N8: =N32-O32+SUM('12'!N8:O8) -> 0 | P8: =P32-Q32+SUM('12'!P8:Q8) -> 0 | R8: =R32-S32+SUM('12'!R8:S8) -> 0 | T8: =T32-U32+SUM('12'!T8:U8) -> 0 | V8: =V32-W32+SUM('12'!V8:W8) -> 0 | X8: =X32-Y32+SUM('12'!X8:Y8) -> 0 | Z8: =Z32-AA32+SUM('12'!Z8:AA8) -> 0 | AB8: =AB32-AC32+SUM('12'!AB8:AC8) -> 0 | AD8: =AD32-AE32+SUM('12'!AD8:AE8) -> 0 | AF8: =AF32-AG32+SUM('12'!AF8:AG8) -> 0 | AH8: =AH32-AI32+SUM('12'!AH8:AI8) -> 0 | AJ8: =AJ32-AK32+SUM('12'!AJ8:AK8) -> 0 | AL8: =AL32-AM32+SUM('12'!AL8:AM8) -> 0 | AN8: =AN32-AO32+SUM('12'!AN8:AO8) -> 0 | AP8: =AP32-AQ32+SUM('12'!AP8:AQ8) -> 0
A10: م | B10: التاريخ | C10: البيان | D10: نوع البيان | G10: متزن | H10: الفرق | J10: الاجمالى | L10: النقدية | N10: البنك | P10: المبيعات | R10: المشتريات | T10: العملاء | V10: الموردون | X10: جارى الشركات | Z10: رأس المال | AB10: المخزون | AD10: الايرادات | AF10: المصروفات | AH10: ارصده مدينة | AJ10: ارصده دائنة | AL10: ارصده دائنة | AN10: ارباح مرحله | AP10: القيمه المضافة
D11: صرف | E11: التحصيل | F11: اثبات | J11: مدين | K11: دائن | L11: مدين | M11: دائن | N11: مدين | O11: دائن | P11: مدين | Q11: دائن | R11: مدين | S11: دائن | T11: مدين | U11: دائن | V11: مدين | W11: دائن | X11: مدين | Y11: دائن | Z11: مدين | AA11: دائن | AB11: مدين | AC11: دائن | AD11: مدين | AE11: دائن | AF11: مدين | AG11: دائن | AH11: مدين | AI11: دائن | AJ11: مدين | AK11: دائن | AL11: مدين | AM11: دائن | AN11: مدين | AO11: دائن | AP11: مدين | AQ11: دائن
A12: 1 | G12: =IF(J12>K12,"متزن",IF(J12<K12,"غير متزن","")) | H12: =IF(J12>K12,"ذياده",IF(J12<K12,"ناقص","")) | I12: =IF(J12>K12,J12-K12,K12-J12) -> 0 | J12: =SUMIF($L$11:$AQ$11,$L$11,L12:AQ12) -> 0 | K12: =SUMIF($L$11:$AQ$11,$M$11,L12:AQ12) -> 0
A13: 2 | G13: =IF(J13>K13,"متزن",IF(J13<K13,"غير متزن","")) | H13: =IF(J13>K13,"ذياده",IF(J13<K13,"ناقص","")) | I13: =IF(J13>K13,J13-K13,K13-J13) -> 0 | J13: =SUMIF($L$11:$AQ$11,$L$11,L13:AQ13) -> 0 | K13: =SUMIF($L$11:$AQ$11,$M$11,L13:AQ13) -> 0
A14: 3 | G14: =IF(J14>K14,"متزن",IF(J14<K14,"غير متزن","")) | H14: =IF(J14>K14,"ذياده",IF(J14<K14,"ناقص","")) | I14: =IF(J14>K14,J14-K14,K14-J14) -> 0 | J14: =SUMIF($L$11:$AQ$11,$L$11,L14:AQ14) -> 0 | K14: =SUMIF($L$11:$AQ$11,$M$11,L14:AQ14) -> 0
A15: 4 | G15: =IF(J15>K15,"متزن",IF(J15<K15,"غير متزن","")) | H15: =IF(J15>K15,"ذياده",IF(J15<K15,"ناقص","")) | I15: =IF(J15>K15,J15-K15,K15-J15) -> 0 | J15: =SUMIF($L$11:$AQ$11,$L$11,L15:AQ15) -> 0 | K15: =SUMIF($L$11:$AQ$11,$M$11,L15:AQ15) -> 0
A16: 5 | G16: =IF(J16>K16,"متزن",IF(J16<K16,"غير متزن","")) | H16: =IF(J16>K16,"ذياده",IF(J16<K16,"ناقص","")) | I16: =IF(J16>K16,J16-K16,K16-J16) -> 0 | J16: =SUMIF($L$11:$AQ$11,$L$11,L16:AQ16) -> 0 | K16: =SUMIF($L$11:$AQ$11,$M$11,L16:AQ16) -> 0
A17: 6 | G17: =IF(J17>K17,"متزن",IF(J17<K17,"غير متزن","")) | H17: =IF(J17>K17,"ذياده",IF(J17<K17,"ناقص","")) | I17: =IF(J17>K17,J17-K17,K17-J17) -> 0 | J17: =SUMIF($L$11:$AQ$11,$L$11,L17:AQ17) -> 0 | K17: =SUMIF($L$11:$AQ$11,$M$11,L17:AQ17) -> 0
A18: 7 | G18: =IF(J18>K18,"متزن",IF(J18<K18,"غير متزن","")) | H18: =IF(J18>K18,"ذياده",IF(J18<K18,"ناقص","")) | I18: =IF(J18>K18,J18-K18,K18-J18) -> 0 | J18: =SUMIF($L$11:$AQ$11,$L$11,L18:AQ18) -> 0 | K18: =SUMIF($L$11:$AQ$11,$M$11,L18:AQ18) -> 0
A19: 8 | G19: =IF(J19>K19,"متزن",IF(J19<K19,"غير متزن","")) | H19: =IF(J19>K19,"ذياده",IF(J19<K19,"ناقص","")) | I19: =IF(J19>K19,J19-K19,K19-J19) -> 0 | J19: =SUMIF($L$11:$AQ$11,$L$11,L19:AQ19) -> 0 | K19: =SUMIF($L$11:$AQ$11,$M$11,L19:AQ19) -> 0
A20: 9 | G20: =IF(J20>K20,"متزن",IF(J20<K20,"غير متزن","")) | H20: =IF(J20>K20,"ذياده",IF(J20<K20,"ناقص","")) | I20: =IF(J20>K20,J20-K20,K20-J20) -> 0 | J20: =SUMIF($L$11:$AQ$11,$L$11,L20:AQ20) -> 0 | K20: =SUMIF($L$11:$AQ$11,$M$11,L20:AQ20) -> 0
A21: 10 | G21: =IF(J21>K21,"متزن",IF(J21<K21,"غير متزن","")) | H21: =IF(J21>K21,"ذياده",IF(J21<K21,"ناقص","")) | I21: =IF(J21>K21,J21-K21,K21-J21) -> 0 | J21: =SUMIF($L$11:$AQ$11,$L$11,L21:AQ21) -> 0 | K21: =SUMIF($L$11:$AQ$11,$M$11,L21:AQ21) -> 0
A22: 11 | G22: =IF(J22>K22,"متزن",IF(J22<K22,"غير متزن","")) | H22: =IF(J22>K22,"ذياده",IF(J22<K22,"ناقص","")) | I22: =IF(J22>K22,J22-K22,K22-J22) -> 0 | J22: =SUMIF($L$11:$AQ$11,$L$11,L22:AQ22) -> 0 | K22: =SUMIF($L$11:$AQ$11,$M$11,L22:AQ22) -> 0
A23: 12 | G23: =IF(J23>K23,"متزن",IF(J23<K23,"غير متزن","")) | H23: =IF(J23>K23,"ذياده",IF(J23<K23,"ناقص","")) | I23: =IF(J23>K23,J23-K23,K23-J23) -> 0 | J23: =SUMIF($L$11:$AQ$11,$L$11,L23:AQ23) -> 0 | K23: =SUMIF($L$11:$AQ$11,$M$11,L23:AQ23) -> 0
... A31: 20 | G31: =IF(J31>K31,"متزن",IF(J31<K31,"غير متزن","")) | H31: =IF(J31>K31,"ذياده",IF(J31<K31,"ناقص","")) | I31: =IF(J31>K31,J31-K31,K31-J31) -> 0 | J31: =SUMIF($L$11:$AQ$11,$L$11,L31:AQ31) -> 0 | K31: =SUMIF($L$11:$AQ$11,$M$11,L31:AQ31) -> 0
A32: الاجمالى | H32: =IF(J32>K32,"ذياده",IF(J32<K32,"ناقص","")) | J32: =SUM(J12:J31) -> 0 | K32: =SUM(K12:K31) -> 0 | L32: =SUM(L12:L31) -> 0 | M32: =SUM(M12:M31) -> 0 | N32: =SUM(N12:N31) -> 0 | O32: =SUM(O12:O31) -> 0 | P32: =SUM(P12:P31) -> 0 | Q32: =SUM(Q12:Q31) -> 0 | ... AQ32: =SUM(AQ12:AQ31) -> 0

Sheet الاستاذ العام
B10: الشهر | C10: ='ارصده افتتاحيه'!J10 -> الاجمالى | E10: ='ارصده افتتاحيه'!L10 -> النقدية | G10: ='ارصده افتتاحيه'!N10 -> البنك | I10: ='ارصده افتتاحيه'!P10 -> المبيعات | K10: ='ارصده افتتاحيه'!R10 -> المشتريات | M10: ='ارصده افتتاحيه'!T10 -> العملاء | O10: ='ارصده افتتاحيه'!V10 -> الموردون | Q10: ='ارصده افتتاحيه'!X10 -> جارى الشركات | S10: ='ارصده افتتاحيه'!Z10 -> رأس المال | U10: ='ارصده افتتاحيه'!AB10 -> المخزون | W10: ='ارصده افتتاحيه'!AD10 -> الايرادات | Y10: ='ارصده افتتاحيه'!AF10 -> المصروفات | AA10: ='ارصده افتتاحيه'!AH10 -> ارصده مدينة | AC10: ='ارصده افتتاحيه'!AJ10 -> ارصده دائنة | AE10: ='ارصده افتتاحيه'!AL10 -> ارصده دائنة | AG10: ='ارصده افتتاحيه'!AN10 -> ارباح مرحله | AI10: ='ارصده افتتاحيه'!AP10 -> القيمه المضافة
C11: ='ارصده افتتاحيه'!J11 -> مدين | D11: ='ارصده افتتاحيه'!K11 -> دائن | E11: ='ارصده افتتاحيه'!L11 -> مدين | F11: ='ارصده افتتاحيه'!M11 -> دائن | G11: ='ارصده افتتاحيه'!N11 -> مدين | H11: ='ارصده افتتاحيه'!O11 -> دائن | I11: ='ارصده افتتاحيه'!P11 -> مدين | J11: ='ارصده افتتاحيه'!Q11 -> دائن | ... AJ11: ='ارصده افتتاحيه'!AQ11 -> دائن
B12: الارصدة الافتتاحية | C12: ='ارصده افتتاحيه'!J32 -> 0 | D12: ='ارصده افتتاحيه'!K32 -> 0 | E12: ='ارصده افتتاحيه'!L32 -> 0 | F12: ='ارصده افتتاحيه'!M32 -> 0 | G12: ='ارصده افتتاحيه'!N32 -> 0 | H12: ='ارصده افتتاحيه'!O32 -> 0 | I12: ='ارصده افتتاحيه'!P32 -> 0 | J12: ='ارصده افتتاحيه'!Q32 -> 0 | ... AJ12: ='ارصده افتتاحيه'!AQ32 -> 0
B13: يناير | C13: ='1'!J32 -> 0 | D13: ='1'!K32 -> 0 | E13: ='1'!L32 -> 0 | F13: ='1'!M32 -> 0 | G13: ='1'!N32 -> 0 | H13: ='1'!O32 -> 0 | I13: ='1'!P32 -> 0 | J13: ='1'!Q32 -> 0 | ... AJ13: ='1'!AQ32 -> 0
B14: فبراير | C14: ='2'!J32 -> 0 | D14: ='2'!K32 -> 0 | E14: ='2'!L32 -> 0 | F14: ='2'!M32 -> 0 | G14: ='2'!N32 -> 0 | H14: ='2'!O32 -> 0 | I14: ='2'!P32 -> 0 | J14: ='2'!Q32 -> 0 | ... AJ14: ='2'!AQ32 -> 0
B15: مارس | C15: ='3'!J32 -> 0 | D15: ='3'!K32 -> 0 | E15: ='3'!L32 -> 0 | F15: ='3'!M32 -> 0 | G15: ='3'!N32 -> 0 | H15: ='3'!O32 -> 0 | I15: ='3'!P32 -> 0 | J15: ='3'!Q32 -> 0 | ... AJ15: ='3'!AQ32 -> 0
B16: ابريل | C16: ='4'!J32 -> 0 | D16: ='4'!K32 -> 0 | E16: ='4'!L32 -> 0 | F16: ='4'!M32 -> 0 | G16: ='4'!N32 -> 0 | H16: ='4'!O32 -> 0 | I16: ='4'!P32 -> 0 | J16: ='4'!Q32 -> 0 | ... AJ16: ='4'!AQ32 -> 0
B17: مايو | C17: ='5'!J32 -> 0 | D17: ='5'!K32 -> 0 | E17: ='5'!L32 -> 0 | F17: ='5'!M32 -> 0 | G17: ='5'!N32 -> 0 | H17: ='5'!O32 -> 0 | I17: ='5'!P32 -> 0 | J17: ='5'!Q32 -> 0 | ... AJ17: ='5'!AQ32 -> 0
B18: يونيو | C18: ='6'!J32 -> 0 | D18: ='6'!K32 -> 0 | E18: ='6'!L32 -> 0 | F18: ='6'!M32 -> 0 | G18: ='6'!N32 -> 0 | H18: ='6'!O32 -> 0 | I18: ='6'!P32 -> 0 | J18: ='6'!Q32 -> 0 | ... AJ18: ='6'!AQ32 -> 0
B19: يوليو | C19: ='7'!J32 -> 0 | D19: ='7'!K32 -> 1000 | E19: ='7'!L32 -> 0 | F19: ='7'!M32 -> 1000 | G19: ='7'!N32 -> 0 | H19: ='7'!O32 -> 0 | I19: ='7'!P32 -> 0 | J19: ='7'!Q32 -> 0 | ... AJ19: ='7'!AQ32 -> 0
B20: اغسطس | C20: ='8'!J32 -> 0 | D20: ='8'!K32 -> 0 | E20: ='8'!L32 -> 0 | F20: ='8'!M32 -> 0 | G20: ='8'!N32 -> 0 | H20: ='8'!O32 -> 0 | I20: ='8'!P32 -> 0 | J20: ='8'!Q32 -> 0 | ... AJ20: ='8'!AQ32 -> 0
B21: سبتمبر | C21: ='9'!J32 -> 0 | D21: ='9'!K32 -> 0 | E21: ='9'!L32 -> 0 | F21: ='9'!M32 -> 0 | G21: ='9'!N32 -> 0 | H21: ='9'!O32 -> 0 | I21: ='9'!P32 -> 0 | J21: ='9'!Q32 -> 0 | ... AJ21: ='9'!AQ32 -> 0
A22: =SUM(A2:A21) -> 0 | B22: اكتوبر | C22: ='10'!J32 -> 0 | D22: ='10'!K32 -> 0 | E22: ='10'!L32 -> 0 | F22: ='10'!M32 -> 0 | G22: ='10'!N32 -> 0 | H22: ='10'!O32 -> 0 | I22: ='10'!P32 -> 0 | J22: ='10'!Q32 -> 0 | ... AJ22: ='10'!AQ32 -> 0
B23: نوفمبر | C23: ='11'!J32 -> 0 | D23: ='11'!K32 -> 0 | E23: ='11'!L32 -> 0 | F23: ='11'!M32 -> 0 | G23: ='11'!N32 -> 0 | H23: ='11'!O32 -> 0 | I23: ='11'!P32 -> 0 | J23: ='11'!Q32 -> 0 | ... AJ23: ='11'!AQ32 -> 0
B24: ديسمبر | C24: ='12'!J32 -> 0 | D24: ='12'!K32 -> 0 | E24: ='12'!L32 -> 0 | F24: ='12'!M32 -> 0 | G24: ='12'!N32 -> 0 | H24: ='12'!O32 -> 0 | I24: ='12'!P32 -> 0 | J24: ='12'!Q32 -> 0 | ... AJ24: ='12'!AQ32 -> 0
B25: التسويات | C25: =تسويات!J32 -> 0 | D25: =تسويات!K32 -> 0 | E25: =تسويات!L32 -> 0 | F25: =تسويات!M32 -> 0 | G25: =تسويات!N32 -> 0 | H25: =تسويات!O32 -> 0 | I25: =تسويات!P32 -> 0 | J25: =تسويات!Q32 -> 0 | ... AJ25: =تسويات!AQ32 -> 0
B26: الاجمالى | C26: =SUM(C12:C25) -> 0 | D26: =SUM(D12:D25) -> 1000 | E26: =SUM(E12:E25) -> 0 | F26: =SUM(F12:F25) -> 1000 | G26: =SUM(G12:G25) -> 0 | H26: =SUM(H12:H25) -> 0 | I26: =SUM(I12:I25) -> 0 | J26: =SUM(J12:J25) -> 0 | ... AJ26: =SUM(AJ12:AJ25) -> 0

Sheet ميزان المراجعه
D9: م | E9: الشهر | F9: المجاميع | H9: الارصده
F10: ='ارصده افتتاحيه'!J11 -> مدين | G10: ='ارصده افتتاحيه'!K11 -> دائن | H10: ='ارصده افتتاحيه'!L11 -> مدين | I10: ='ارصده افتتاحيه'!M11 -> دائن
E11: النقدية | F11: =INDEX('الاستاذ العام'!$E$26:$AJ$26,,MATCH('ميزان المراجعه'!E11,'الاستاذ العام'!$E$10:$AJ$10,0)) -> 0 | G11: =INDEX('الاستاذ العام'!$E$26:$AJ$26,,MATCH('ميزان المراجعه'!E11,'الاستاذ العام'!$E$10:$AJ$10,0)+1) -> 1000 | H11: =IF(F11>G11,F11-G11,0) -> 0 | I11: =IF(F11<G11,G11-F11,0) -> 1000
E12: البنك | F12: =INDEX('الاستاذ العام'!$E$26:$AJ$26,,MATCH('ميزان المراجعه'!E12,'الاستاذ العام'!$E$10:$AJ$10,0)) -> 0 | G12: =INDEX('الاستاذ العام'!$E$26:$AJ$26,,MATCH('ميزان المراجعه'!E12,'الاستاذ العام'!$E$10:$AJ$10,0)+1) -> 0 | H12: =IF(F12>G12,F12-G12,0) -> 0 | I12: =IF(F12<G12,G12-F12,0) -> 0
E13: المبيعات | F13: =INDEX('الاستاذ العام'!$E$26:$AJ$26,,MATCH('ميزان المراجعه'!E13,'الاستاذ العام'!$E$10:$AJ$10,0)) -> 0 | G13: =INDEX('الاستاذ العام'!$E$26:$AJ$26,,MATCH('ميزان المراجعه'!E13,'الاستاذ العام'!$E$10:$AJ$10,0)+1) -> 0 | H13: =IF(F13>G13,F13-G13,0) -> 0 | I13: =IF(F13<G13,G13-F13,0) -> 0
E14: المشتريات | F14: =INDEX('الاستاذ العام'!$E$26:$AJ$26,,MATCH('ميزان المراجعه'!E14,'الاستاذ العام'!$E$10:$AJ$10,0)) -> 0 | G14: =INDEX('الاستاذ العام'!$E$26:$AJ$26,,MATCH('ميزان المراجعه'!E14,'الاستاذ العام'!$E$10:$AJ$10,0)+1) -> 0 | H14: =IF(F14>G14,F14-G14,0) -> 0 | I14: =IF(F14<G14,G14-F14,0) -> 0
E15: العملاء | F15: =INDEX('الاستاذ العام'!$E$26:$AJ$26,,MATCH('ميزان المراجعه'!E15,'الاستاذ العام'!$E$10:$AJ$10,0)) -> 0 | G15: =INDEX('الاستاذ العام'!$E$26:$AJ$26,,MATCH('ميزان المراجعه'!E15,'الاستاذ العام'!$E$10:$AJ$10,0)+1) -> 0 | H15: =IF(F15>G15,F15-G15,0) -> 0 | I15: =IF(F15<G15,G15-F15,0) -> 0
E16: الموردون | F16: =INDEX('الاستاذ العام'!$E$26:$AJ$26,,MATCH('ميزان المراجعه'!E16,'الاستاذ العام'!$E$10:$AJ$10,0)) -> 0 | G16: =INDEX('الاستاذ العام'!$E$26:$AJ$26,,MATCH('ميزان المراجعه'!E16,'الاستاذ العام'!$E$10:$AJ$10,0)+1) -> 0 | H16: =IF(F16>G16,F16-G16,0) -> 0 | I16: =IF(F16<G16,G16-F16,0) -> 0
E17: جارى الشركات | F17: =INDEX('الاستاذ العام'!$E$26:$AJ$26,,MATCH('ميزان المراجعه'!E17,'الاستاذ العام'!$E$10:$AJ$10,0)) -> 0 | G17: =INDEX('الاستاذ العام'!$E$26:$AJ$26,,MATCH('ميزان المراجعه'!E17,'الاستاذ العام'!$E$10:$AJ$10,0)+1) -> 0 | H17: =IF(F17>G17,F17-G17,0) -> 0 | I17: =IF(F17<G17,G17-F17,0) -> 0
E18: رأس المال | F18: =INDEX('الاستاذ العام'!$E$26:$AJ$26,,MATCH('ميزان المراجعه'!E18,'الاستاذ العام'!$E$10:$AJ$10,0)) -> 0 | G18: =INDEX('الاستاذ العام'!$E$26:$AJ$26,,MATCH('ميزان المراجعه'!E18,'الاستاذ العام'!$E$10:$AJ$10,0)+1) -> 0 | H18: =IF(F18>G18,F18-G18,0) -> 0 | I18: =IF(F18<G18,G18-F18,0) -> 0
E19: المخزون | F19: =INDEX('الاستاذ العام'!$E$26:$AJ$26,,MATCH('ميزان المراجعه'!E19,'الاستاذ العام'!$E$10:$AJ$10,0)) -> 0 | G19: =INDEX('الاستاذ العام'!$E$26:$AJ$26,,MATCH('ميزان المراجعه'!E19,'الاستاذ العام'!$E$10:$AJ$10,0)+1) -> 0 | H19: =IF(F19>G19,F19-G19,0) -> 0 | I19: =IF(F19<G19,G19-F19,0) -> 0
E20: الايرادات | F20: =INDEX('الاستاذ العام'!$E$26:$AJ$26,,MATCH('ميزان المراجعه'!E20,'الاستاذ العام'!$E$10:$AJ$10,0)) -> 0 | G20: =INDEX('الاستاذ العام'!$E$26:$AJ$26,,MATCH('ميزان المراجعه'!E20,'الاستاذ العام'!$E$10:$AJ$10,0)+1) -> 0 | H20: =IF(F20>G20,F20-G20,0) -> 0 | I20: =IF(F20<G20,G20-F20,0) -> 0
E21: المصروفات | F21: =INDEX('الاستاذ العام'!$E$26:$AJ$26,,MATCH('ميزان المراجعه'!E21,'الاستاذ العام'!$E$10:$AJ$10,0)) -> 0 | G21: =INDEX('الاستاذ العام'!$E$26:$AJ$26,,MATCH('ميزان المراجعه'!E21,'الاستاذ العام'!$E$10:$AJ$10,0)+1) -> 0 | H21: =IF(F21>G21,F21-G21,0) -> 0 | I21: =IF(F21<G21,G21-F21,0) -> 0
E22: ارصده مدينة | F22: =INDEX('الاستاذ العام'!$E$26:$AJ$26,,MATCH('ميزان المراجعه'!E22,'الاستاذ العام'!$E$10:$AJ$10,0)) -> 0 | G22: =INDEX('الاستاذ العام'!$E$26:$AJ$26,,MATCH('ميزان المراجعه'!E22,'الاستاذ العام'!$E$10:$AJ$10,0)+1) -> 0 | H22: =IF(F22>G22,F22-G22,0) -> 0 | I22: =IF(F22<G22,G22-F22,0) -> 0
... E25: القيمه المضافة | F25: =INDEX('الاستاذ العام'!$E$26:$AJ$26,,MATCH('ميزان المراجعه'!E25,'الاستاذ العام'!$E$10:$AJ$10,0)) -> 0 | G25: =INDEX('الاستاذ العام'!$E$26:$AJ$26,,MATCH('ميزان المراجعه'!E25,'الاستاذ العام'!$E$10:$AJ$10,0)+1) -> 0 | H25: =IF(F25>G25,F25-G25,0) -> 0 | I25: =IF(F25<G25,G25-F25,0) -> 0
E26: الاجمالى | F26: =SUM(F11:F25) -> 0 | G26: =SUM(G11:G25) -> 1000 | H26: =SUM(H11:H25) -> 0 | I26: =SUM(I11:I25) -> 1000

Sheet تحليل العملاء
P8: قائمه العملاء
D9: م | E9: التاريخ | F9: الشهر | G9: اسم العميل | H9: المبيعات | I9: الضريبه | J9: الاجمالى | K9: الخصم | L9: الصافى | M9: المدفوع | N9: الرصيد | P9: اسم العميل | Q9: الرصيد | R9: الشهر | S9: الرصيد
D10: 1 | E10: 45689 | F10: =MONTH(E10) -> 2 | G10: عبدالسلام احمد | H10: 4000 | I10: =H10*15% -> 600 | J10: =H10+I10 -> 4600 | K10: 150 | L10: =J10-K10 -> 4450 | M10: 1600 | N10: =L10-M10 -> 2850 | P10: محمد احمد | Q10: =SUMIF($G$10:$G$25,P10,$N$10:$N$25) -> 32565 | R10: 2 | S10: =SUMIF($F$10:$F$25,R10,$N$10:$N$25) -> 2850
D11: 2 | E11: 45749 | F11: =MONTH(E11) -> 4 | G11: يوسف حسين | H11: 65000 | I11: =H11*15% -> 9750 | J11: =H11+I11 -> 74750 | L11: =J11-K11 -> 74750 | N11: =L11-M11 -> 74750 | P11: سعيد محمد | Q11: =SUMIF($G$10:$G$25,P11,$N$10:$N$25) -> 0 | R11: 9 | S11: =SUMIF($F$10:$F$25,R11,$N$10:$N$25) -> 43748
D12: 3 | E12: 45778 | F12: =MONTH(E12) -> 5 | G12: خميس عطيه | H12: 7000 | I12: =H12*15% -> 1050 | J12: =H12+I12 -> 8050 | K12: 250 | L12: =J12-K12 -> 7800 | M12: 1875 | N12: =L12-M12 -> 5925 | P12: يوسف حسين | Q12: =SUMIF($G$10:$G$25,P12,$N$10:$N$25) -> 74750 | R12: 3 | S12: =SUMIF($F$10:$F$25,R12,$N$10:$N$25) -> 0
D13: 4 | E13: 45810 | F13: =MONTH(E13) -> 6 | G13: محمد احمد | H13: 30000 | I13: =H13*15% -> 4500 | J13: =H13+I13 -> 34500 | K13: 300 | L13: =J13-K13 -> 34200 | M13: 1635 | N13: =L13-M13 -> 32565 | P13: عبدالسلام احمد | Q13: =SUMIF($G$10:$G$25,P13,$N$10:$N$25) -> 2850 | R13: 4 | S13: =SUMIF($F$10:$F$25,R13,$N$10:$N$25) -> 74750
D14: 5 | E14: 45930 | F14: =MONTH(E14) -> 9 | G14: سيد محمود | H14: 40000 | I14: =H14*15% -> 6000 | J14: =H14+I14 -> 46000 | K14: 200 | L14: =J14-K14 -> 45800 | M14: 2052 | N14: =L14-M14 -> 43748 | P14: سيد محمود | Q14: =SUMIF($G$10:$G$25,P14,$N$10:$N$25) -> 43748 | R14: 6 | S14: =SUMIF($F$10:$F$25,R14,$N$10:$N$25) -> 32565
D15: 6 | I15: =H15*15% -> 0 | J15: =H15+I15 -> 0 | L15: =J15-K15 -> 0 | N15: =L15-M15 -> 0 | P15: خميس عطيه | Q15: =SUMIF($G$10:$G$25,P15,$N$10:$N$25) -> 5925 | R15: 5 | S15: =SUMIF($F$10:$F$25,R15,$N$10:$N$25) -> 5925
D16: 7 | I16: =H16*15% -> 0 | J16: =H16+I16 -> 0 | L16: =J16-K16 -> 0 | N16: =L16-M16 -> 0 | P16: ياسين محمود | Q16: =SUMIF($G$10:$G$25,P16,$N$10:$N$25) -> 0 | S16: =SUMIF($F$10:$F$25,R16,$N$10:$N$25) -> 0
D17: 8 | I17: =H17*15% -> 0 | J17: =H17+I17 -> 0 | L17: =J17-K17 -> 0 | N17: =L17-M17 -> 0 | P17: طه عبدالله | Q17: =SUMIF($G$10:$G$25,P17,$N$10:$N$25) -> 0 | S17: =SUMIF($F$10:$F$25,R17,$N$10:$N$25) -> 0
D18: 9 | I18: =H18*15% -> 0 | J18: =H18+I18 -> 0 | L18: =J18-K18 -> 0 | N18: =L18-M18 -> 0 | Q18: =SUMIF($G$10:$G$25,P18,$N$10:$N$25) -> 0 | S18: =SUMIF($F$10:$F$25,R18,$N$10:$N$25) -> 0
D19: 10 | I19: =H19*15% -> 0 | J19: =H19+I19 -> 0 | L19: =J19-K19 -> 0 | N19: =L19-M19 -> 0 | Q19: =SUMIF($G$10:$G$25,P19,$N$10:$N$25) -> 0 | S19: =SUMIF($F$10:$F$25,R19,$N$10:$N$25) -> 0
D20: 11 | I20: =H20*15% -> 0 | J20: =H20+I20 -> 0 | L20: =J20-K20 -> 0 | N20: =L20-M20 -> 0 | Q20: =SUMIF($G$10:$G$25,P20,$N$10:$N$25) -> 0 | S20: =SUMIF($F$10:$F$25,R20,$N$10:$N$25) -> 0
D21: 12 | I21: =H21*15% -> 0 | J21: =H21+I21 -> 0 | L21: =J21-K21 -> 0 | N21: =L21-M21 -> 0 | Q21: =SUMIF($G$10:$G$25,P21,$N$10:$N$25) -> 0 | S21: =SUMIF($F$10:$F$25,R21,$N$10:$N$25) -> 0
D22: 13 | I22: =H22*15% -> 0 | J22: =H22+I22 -> 0 | L22: =J22-K22 -> 0 | N22: =L22-M22 -> 0 | Q22: =SUMIF($G$10:$G$25,P22,$N$10:$N$25) -> 0 | S22: =SUMIF($F$10:$F$25,R22,$N$10:$N$25) -> 0
D23: 14 | I23: =H23*15% -> 0 | J23: =H23+I23 -> 0 | L23: =J23-K23 -> 0 | N23: =L23-M23 -> 0 | Q23: =SUMIF($G$10:$G$25,P23,$N$10:$N$25) -> 0 | S23: =SUMIF($F$10:$F$25,R23,$N$10:$N$25) -> 0
D24: 15 | I24: =H24*15% -> 0 | J24: =H24+I24 -> 0 | L24: =J24-K24 -> 0 | N24: =L24-M24 -> 0 | Q24: =SUMIF($G$10:$G$25,P24,$N$10:$N$25) -> 0 | S24: =SUMIF($F$10:$F$25,R24,$N$10:$N$25) -> 0
D25: 16 | J25: =H25+I25 -> 0 | L25: =J25-K25 -> 0 | N25: =L25-M25 -> 0 | Q25: =SUMIF($G$10:$G$25,P25,$N$10:$N$25) -> 0 | S25: =SUMIF($F$10:$F$25,R25,$N$10:$N$25) -> 0
E26: الاجمالى | G26: =SUM(G11:G25) -> 0 | H26: =SUM(H11:H25) -> 142000 | I26: =SUM(I11:I25) -> 21300 | J26: =SUM(J11:J25) -> 163300 | K26: =SUM(K11:K25) -> 750 | L26: =SUM(L11:L25) -> 162550 | M26: =SUM(M11:M25) -> 5562 | N26: =SUM(N11:N25) -> 156988 | P26: الاجمالى | Q26: =SUM(Q10:Q25) -> 159838

Sheet تحليل الموردين
O8: الموردين
C9: م | D9: التاريخ | E9: الشهر | F9: اسم العميل | G9: المبيعات | H9: الضريبه | I9: الاجمالى | J9: الخصم | K9: الصافى | L9: المدفوع | M9: الرصيد | O9: اسم العميل | P9: الرصيد | Q9: الشهر | R9: الرصيد التحليلى | S9: رصيد المركزى | T9: الحاله | U9: الفرق
C10: 1 | D10: 45689 | E10: =MONTH(D10) -> 2 | F10: عبدالسلام احمد | G10: 4000 | H10: =G10*15% -> 600 | I10: =G10+H10 -> 4600 | J10: 150 | K10: =I10-J10 -> 4450 | L10: 1600 | M10: =K10-L10 -> 2850 | O10: محمد احمد | P10: =SUMIF($F$10:$F$25,O10,$M$10:$M$25) -> 32565 | Q10: 2 | R10: =SUMIF($E$10:$E$25,Q10,$M$10:$M$25) -> 2850 | S10: ='الاستاذ العام'!O13-'الاستاذ العام'!P13 -> 0 | T10: =IF(R10>S10,"رصيد التحليلى اكبر من المركزى",IF(R10<S10,"المركزى اكبر من التحليلى","")) -> رصيد التحليلى اكبر من المركزى | U10: =IF(R10>S10,R10-S10,IF(R10<S10,S10-R10,"")) -> 2850
C11: 2 | D11: 45749 | E11: =MONTH(D11) -> 4 | F11: يوسف حسين | G11: 65000 | H11: =G11*15% -> 9750 | I11: =G11+H11 -> 74750 | K11: =I11-J11 -> 74750 | M11: =K11-L11 -> 74750 | O11: سعيد محمد | P11: =SUMIF($F$10:$F$25,O11,$M$10:$M$25) -> 0 | Q11: 9 | R11: =SUMIF($E$10:$E$25,Q11,$M$10:$M$25) -> 43748 | S11: ='الاستاذ العام'!O14-'الاستاذ العام'!P14 -> 0 | T11: =IF(R11>S11,"رصيد التحليلى اكبر من المركزى",IF(R11<S11,"المركزى اكبر من التحليلى","")) -> رصيد التحليلى اكبر من المركزى | U11: =IF(R11>S11,R11-S11,IF(R11<S11,S11-R11,"")) -> 43748
C12: 3 | D12: 45778 | E12: =MONTH(D12) -> 5 | F12: خميس عطيه | G12: 7000 | H12: =G12*15% -> 1050 | I12: =G12+H12 -> 8050 | J12: 250 | K12: =I12-J12 -> 7800 | L12: 1875 | M12: =K12-L12 -> 5925 | O12: يوسف حسين | P12: =SUMIF($F$10:$F$25,O12,$M$10:$M$25) -> 74750 | Q12: 3 | R12: =SUMIF($E$10:$E$25,Q12,$M$10:$M$25) -> 0 | S12: ='الاستاذ العام'!O15-'الاستاذ العام'!P15 -> 0 | T12: =IF(R12>S12,"رصيد التحليلى اكبر من المركزى",IF(R12<S12,"المركزى اكبر من التحليلى","")) | U12: =IF(R12>S12,R12-S12,IF(R12<S12,S12-R12,""))
C13: 4 | D13: 45810 | E13: =MONTH(D13) -> 6 | F13: محمد احمد | G13: 30000 | H13: =G13*15% -> 4500 | I13: =G13+H13 -> 34500 | J13: 300 | K13: =I13-J13 -> 34200 | L13: 1635 | M13: =K13-L13 -> 32565 | O13: عبدالسلام احمد | P13: =SUMIF($F$10:$F$25,O13,$M$10:$M$25) -> 2850 | Q13: 4 | R13: =SUMIF($E$10:$E$25,Q13,$M$10:$M$25) -> 74750 | S13: ='الاستاذ العام'!O16-'الاستاذ العام'!P16 -> 0 | T13: =IF(R13>S13,"رصيد التحليلى اكبر من المركزى",IF(R13<S13,"المركزى اكبر من التحليلى","")) -> رصيد التحليلى اكبر من المركزى | U13: =IF(R13>S13,R13-S13,IF(R13<S13,S13-R13,"")) -> 74750
C14: 5 | D14: 45930 | E14: =MONTH(D14) -> 9 | F14: سيد محمود | G14: 40000 | H14: =G14*15% -> 6000 | I14: =G14+H14 -> 46000 | J14: 200 | K14: =I14-J14 -> 45800 | L14: 2052 | M14: =K14-L14 -> 43748 | O14: سيد محمود | P14: =SUMIF($F$10:$F$25,O14,$M$10:$M$25) -> 43748 | Q14: 6 | R14: =SUMIF($E$10:$E$25,Q14,$M$10:$M$25) -> 32565 | S14: ='الاستاذ العام'!O17-'الاستاذ العام'!P17 -> 0 | T14: =IF(R14>S14,"رصيد التحليلى اكبر من المركزى",IF(R14<S14,"المركزى اكبر من التحليلى","")) -> رصيد التحليلى اكبر من المركزى | U14: =IF(R14>S14,R14-S14,IF(R14<S14,S14-R14,"")) -> 32565
C15: 6 | H15: =G15*15% -> 0 | I15: =G15+H15 -> 0 | K15: =I15-J15 -> 0 | M15: =K15-L15 -> 0 | O15: خميس عطيه | P15: =SUMIF($F$10:$F$25,O15,$M$10:$M$25) -> 5925 | Q15: 5 | R15: =SUMIF($E$10:$E$25,Q15,$M$10:$M$25) -> 5925 | S15: ='الاستاذ العام'!O18-'الاستاذ العام'!P18 -> 0 | T15: =IF(R15>S15,"رصيد التحليلى اكبر من المركزى",IF(R15<S15,"المركزى اكبر من التحليلى","")) -> رصيد التحليلى اكبر من المركزى | U15: =IF(R15>S15,R15-S15,IF(R15<S15,S15-R15,"")) -> 5925
C16: 7 | H16: =G16*15% -> 0 | I16: =G16+H16 -> 0 | K16: =I16-J16 -> 0 | M16: =K16-L16 -> 0 | O16: ياسين محمود | P16: =SUMIF($F$10:$F$25,O16,$M$10:$M$25) -> 0 | R16: =SUMIF($E$10:$E$25,Q16,$M$10:$M$25) -> 0 | S16: ='الاستاذ العام'!O19-'الاستاذ العام'!P19 -> 0 | T16: =IF(R16>S16,"رصيد التحليلى اكبر من المركزى",IF(R16<S16,"المركزى اكبر من التحليلى","")) | U16: =IF(R16>S16,R16-S16,IF(R16<S16,S16-R16,""))
C17: 8 | H17: =G17*15% -> 0 | I17: =G17+H17 -> 0 | K17: =I17-J17 -> 0 | M17: =K17-L17 -> 0 | O17: طه عبدالله | P17: =SUMIF($F$10:$F$25,O17,$M$10:$M$25) -> 0 | R17: =SUMIF($E$10:$E$25,Q17,$M$10:$M$25) -> 0 | S17: ='الاستاذ العام'!O20-'الاستاذ العام'!P20 -> 0 | T17: =IF(R17>S17,"رصيد التحليلى اكبر من المركزى",IF(R17<S17,"المركزى اكبر من التحليلى","")) | U17: =IF(R17>S17,R17-S17,IF(R17<S17,S17-R17,""))
C18: 9 | H18: =G18*15% -> 0 | I18: =G18+H18 -> 0 | K18: =I18-J18 -> 0 | M18: =K18-L18 -> 0 | P18: =SUMIF($F$10:$F$25,O18,$M$10:$M$25) -> 0 | R18: =SUMIF($E$10:$E$25,Q18,$M$10:$M$25) -> 0 | S18: ='الاستاذ العام'!O21-'الاستاذ العام'!P21 -> 0 | T18: =IF(R18>S18,"رصيد التحليلى اكبر من المركزى",IF(R18<S18,"المركزى اكبر من التحليلى","")) | U18: =IF(R18>S18,R18-S18,IF(R18<S18,S18-R18,""))
C19: 10 | H19: =G19*15% -> 0 | I19: =G19+H19 -> 0 | K19: =I19-J19 -> 0 | M19: =K19-L19 -> 0 | P19: =SUMIF($F$10:$F$25,O19,$M$10:$M$25) -> 0 | R19: =SUMIF($E$10:$E$25,Q19,$M$10:$M$25) -> 0 | S19: ='الاستاذ العام'!O22-'الاستاذ العام'!P22 -> 0 | T19: =IF(R19>S19,"رصيد التحليلى اكبر من المركزى",IF(R19<S19,"المركزى اكبر من التحليلى","")) | U19: =IF(R19>S19,R19-S19,IF(R19<S19,S19-R19,""))
C20: 11 | H20: =G20*15% -> 0 | I20: =G20+H20 -> 0 | K20: =I20-J20 -> 0 | M20: =K20-L20 -> 0 | P20: =SUMIF($F$10:$F$25,O20,$M$10:$M$25) -> 0 | R20: =SUMIF($E$10:$E$25,Q20,$M$10:$M$25) -> 0 | S20: ='الاستاذ العام'!O23-'الاستاذ العام'!P23 -> 0 | T20: =IF(R20>S20,"رصيد التحليلى اكبر من المركزى",IF(R20<S20,"المركزى اكبر من التحليلى","")) | U20: =IF(R20>S20,R20-S20,IF(R20<S20,S20-R20,""))
C21: 12 | H21: =G21*15% -> 0 | I21: =G21+H21 -> 0 | K21: =I21-J21 -> 0 | M21: =K21-L21 -> 0 | P21: =SUMIF($F$10:$F$25,O21,$M$10:$M$25) -> 0 | R21: =SUMIF($E$10:$E$25,Q21,$M$10:$M$25) -> 0 | S21: ='الاستاذ العام'!O24-'الاستاذ العام'!P24 -> 0 | T21: =IF(R21>S21,"رصيد التحليلى اكبر من المركزى",IF(R21<S21,"المركزى اكبر من التحليلى","")) | U21: =IF(R21>S21,R21-S21,IF(R21<S21,S21-R21,""))
C22: 13 | H22: =G22*15% -> 0 | I22: =G22+H22 -> 0 | K22: =I22-J22 -> 0 | M22: =K22-L22 -> 0 | P22: =SUMIF($F$10:$F$25,O22,$M$10:$M$25) -> 0 | R22: =SUMIF($E$10:$E$25,Q22,$M$10:$M$25) -> 0 | S22: ='الاستاذ العام'!O25-'الاستاذ العام'!P25 -> 0 | T22: =IF(R22>S22,"رصيد التحليلى اكبر من المركزى",IF(R22<S22,"المركزى اكبر من التحليلى","")) | U22: =IF(R22>S22,R22-S22,IF(R22<S22,S22-R22,""))
C23: 14 | H23: =G23*15% -> 0 | I23: =G23+H23 -> 0 | K23: =I23-J23 -> 0 | M23: =K23-L23 -> 0 | P23: =SUMIF($F$10:$F$25,O23,$M$10:$M$25) -> 0 | R23: =SUMIF($E$10:$E$25,Q23,$M$10:$M$25) -> 0 | S23: ='الاستاذ العام'!O26-'الاستاذ العام'!P26 -> 0 | T23: =IF(R23>S23,"رصيد التحليلى اكبر من المركزى",IF(R23<S23,"المركزى اكبر من التحليلى","")) | U23: =IF(R23>S23,R23-S23,IF(R23<S23,S23-R23,""))
C24: 15 | H24: =G24*15% -> 0 | I24: =G24+H24 -> 0 | K24: =I24-J24 -> 0 | M24: =K24-L24 -> 0 | P24: =SUMIF($F$10:$F$25,O24,$M$10:$M$25) -> 0 | R24: =SUMIF($E$10:$E$25,Q24,$M$10:$M$25) -> 0 | S24: ='الاستاذ العام'!O27-'الاستاذ العام'!P27 -> 0 | T24: =IF(R24>S24,"رصيد التحليلى اكبر من المركزى",IF(R24<S24,"المركزى اكبر من التحليلى","")) | U24: =IF(R24>S24,R24-S24,IF(R24<S24,S24-R24,""))
C25: 16 | I25: =G25+H25 -> 0 | K25: =I25-J25 -> 0 | M25: =K25-L25 -> 0 | P25: =SUMIF($F$10:$F$25,O25,$M$10:$M$25) -> 0 | R25: =SUMIF($E$10:$E$25,Q25,$M$10:$M$25) -> 0 | S25: ='الاستاذ العام'!O28-'الاستاذ العام'!P28 -> 0 | T25: =IF(R25>S25,"رصيد التحليلى اكبر من المركزى",IF(R25<S25,"المركزى اكبر من التحليلى","")) | U25: =IF(R25>S25,R25-S25,IF(R25<S25,S25-R25,""))
D26: الاجمالى | F26: =SUM(F11:F25) -> 0 | G26: =SUM(G11:G25) -> 142000 | H26: =SUM(H11:H25) -> 21300 | I26: =SUM(I11:I25) -> 163300 | J26: =SUM(J11:J25) -> 750 | K26: =SUM(K11:K25) -> 162550 | L26: =SUM(L11:L25) -> 5562 | M26: =SUM(M11:M25) -> 156988 | O26: الاجمالى | P26: =SUM(P10:P25) -> 159838

Sheet مصروفات الشركة
Q8: المركزية
C9: القيد | D9: التاريخ | E9: الشهر | F9: البيان | G9: مدين | H9: دائن | J9: البيان | K9: اجمالى المدين | L9: اجمالى الدائن | M9: الاجمالى | O9: الشهور | P9: الاجمالى | Q9: دائن | R9: مدين
D10: 45629 | E10: =MONTH(D10) -> 12 | F10: غاز | G10: 50 | H10: 50 | J10: غاز | K10: =SUMIF($F$10:$F$25,J10,$G$10:$G$25) -> 251 | L10: =SUMIF($F$10:$F$25,J10,$H$10:$H$25) -> 50 | M10: =K10+L10 -> 301 | O10: 1 | P10: =SUMIF($E$10:$E$25,O10,$G$10:$G$25) -> 52 | Q10: ='الاستاذ العام'!Y13 -> 0 | R10: ='الاستاذ العام'!Z13 -> 0
D11: 45662 | E11: =MONTH(D11) -> 1 | F11: انترنت | G11: 52 | H11: 600 | J11: مياه | K11: =SUMIF($F$10:$F$25,J11,$G$10:$G$25) -> 32 | L11: =SUMIF($F$10:$F$25,J11,$H$10:$H$25) -> 400 | M11: =K11+L11 -> 432 | O11: 2 | P11: =SUMIF($E$10:$E$25,O11,$G$10:$G$25) -> 32 | Q11: ='الاستاذ العام'!Y14 -> 0 | R11: ='الاستاذ العام'!Z14 -> 0
D12: 45691 | E12: =MONTH(D12) -> 2 | F12: مياه | G12: 32 | H12: 400 | J12: كهرباء | K12: =SUMIF($F$10:$F$25,J12,$G$10:$G$25) -> 0 | L12: =SUMIF($F$10:$F$25,J12,$H$10:$H$25) -> 0 | M12: =K12+L12 -> 0 | O12: 3 | P12: =SUMIF($E$10:$E$25,O12,$G$10:$G$25) -> 201 | Q12: ='الاستاذ العام'!Y15 -> 0 | R12: ='الاستاذ العام'!Z15 -> 0
D13: 45720 | E13: =MONTH(D13) -> 3 | F13: غاز | G13: 201 | J13: انترنت | K13: =SUMIF($F$10:$F$25,J13,$G$10:$G$25) -> 212 | L13: =SUMIF($F$10:$F$25,J13,$H$10:$H$25) -> 900 | M13: =K13+L13 -> 1112 | O13: 4 | P13: =SUMIF($E$10:$E$25,O13,$G$10:$G$25) -> 160 | Q13: ='الاستاذ العام'!Y16 -> 0 | R13: ='الاستاذ العام'!Z16 -> 0
D14: 45749 | E14: =MONTH(D14) -> 4 | F14: انترنت | G14: 160 | H14: 300 | J14: مصروفات نثريه | K14: =SUMIF($F$10:$F$25,J14,$G$10:$G$25) -> 0 | L14: =SUMIF($F$10:$F$25,J14,$H$10:$H$25) -> 0 | M14: =K14+L14 -> 0 | O14: 5 | P14: =SUMIF($E$10:$E$25,O14,$G$10:$G$25) -> 0 | Q14: ='الاستاذ العام'!Y17 -> 0 | R14: ='الاستاذ العام'!Z17 -> 0
J15: مصروفات اخرى | K15: =SUMIF($F$10:$F$25,J15,$G$10:$G$25) -> 0 | L15: =SUMIF($F$10:$F$25,J15,$H$10:$H$25) -> 0 | M15: =K15+L15 -> 0 | O15: 6 | P15: =SUMIF($E$10:$E$25,O15,$G$10:$G$25) -> 0 | Q15: ='الاستاذ العام'!Y18 -> 0 | R15: ='الاستاذ العام'!Z18 -> 0
K16: =SUMIF($F$10:$F$25,J16,$G$10:$G$25) -> 0 | L16: =SUMIF($F$10:$F$25,J16,$H$10:$H$25) -> 0 | M16: =K16+L16 -> 0 | O16: 7 | P16: =SUMIF($E$10:$E$25,O16,$G$10:$G$25) -> 0 | Q16: ='الاستاذ العام'!Y19 -> 0 | R16: ='الاستاذ العام'!Z19 -> 0
K17: =SUMIF($F$10:$F$25,J17,$G$10:$G$25) -> 0 | L17: =SUMIF($F$10:$F$25,J17,$H$10:$H$25) -> 0 | M17: =K17+L17 -> 0 | O17: 8 | P17: =SUMIF($E$10:$E$25,O17,$G$10:$G$25) -> 0 | Q17: ='الاستاذ العام'!Y20 -> 0 | R17: ='الاستاذ العام'!Z20 -> 0
K18: =SUMIF($F$10:$F$25,J18,$G$10:$G$25) -> 0 | L18: =SUMIF($F$10:$F$25,J18,$H$10:$H$25) -> 0 | M18: =K18+L18 -> 0 | O18: 9 | P18: =SUMIF($E$10:$E$25,O18,$G$10:$G$25) -> 0 | Q18: ='الاستاذ العام'!Y21 -> 0 | R18: ='الاستاذ العام'!Z21 -> 0
K19: =SUMIF($F$10:$F$25,J19,$G$10:$G$25) -> 0 | L19: =SUMIF($F$10:$F$25,J19,$H$10:$H$25) -> 0 | M19: =K19+L19 -> 0 | O19: 10 | P19: =SUMIF($E$10:$E$25,O19,$G$10:$G$25) -> 0 | Q19: ='الاستاذ العام'!Y22 -> 0 | R19: ='الاستاذ العام'!Z22 -> 0
K20: =SUMIF($F$10:$F$25,J20,$G$10:$G$25) -> 0 | L20: =SUMIF($F$10:$F$25,J20,$H$10:$H$25) -> 0 | M20: =K20+L20 -> 0 | O20: 11 | P20: =SUMIF($E$10:$E$25,O20,$G$10:$G$25) -> 0 | Q20: ='الاستاذ العام'!Y23 -> 0 | R20: ='الاستاذ العام'!Z23 -> 0
K21: =SUMIF($F$10:$F$25,J21,$G$10:$G$25) -> 0 | L21: =SUMIF($F$10:$F$25,J21,$H$10:$H$25) -> 0 | M21: =K21+L21 -> 0 | O21: 12 | P21: =SUMIF($E$10:$E$25,O21,$G$10:$G$25) -> 50 | Q21: ='الاستاذ العام'!Y24 -> 0 | R21: ='الاستاذ العام'!Z24 -> 0
K22: =SUMIF($F$10:$F$25,J22,$G$10:$G$25) -> 0 | L22: =SUMIF($F$10:$F$25,J22,$H$10:$H$25) -> 0 | M22: =K22+L22 -> 0
K23: =SUMIF($F$10:$F$25,J23,$G$10:$G$25) -> 0 | L23: =SUMIF($F$10:$F$25,J23,$H$10:$H$25) -> 0 | M23: =K23+L23 -> 0
K24: =SUMIF($F$10:$F$25,J24,$G$10:$G$25) -> 0 | L24: =SUMIF($F$10:$F$25,J24,$H$10:$H$25) -> 0 | M24: =K24+L24 -> 0
K25: =SUMIF($F$10:$F$25,J25,$G$10:$G$25) -> 0 | L25: =SUMIF($F$10:$F$25,J25,$H$10:$H$25) -> 0 | M25: =K25+L25 -> 0
D26: الاجمالى | F26: =SUM(F11:F25) -> 0 | G26: =SUM(G11:G25) -> 445 | H26: =SUM(H11:H25) -> 1300 | J26: الاجمالى | K26: =SUM(K10:K25) -> 495 | L26: =SUM(L10:L25) -> 1350 | M26: =SUM(M10:M25) -> 1845

Sheet ايرادات الشركة
C9: القيد | D9: التاريخ | E9: الشهر | F9: البيان | G9: مدين | H9: دائن | J9: البيان | K9: اجمالى الدائن | M9: الشهر | N9: الاجمالى التحليلى | O9: اجمالى المركزية
D10: 45629 | E10: =MONTH(D10) -> 12 | F10: بيع | H10: 400000 | J10: بيع | K10: =SUMIF($F$10:$F$25,J10,$H$10:$H$25) -> 400000 | M10: 1 | N10: =SUMIF($E$10:$E$25,M10,$H$10:$H$255) -> 600 | O10: ='الاستاذ العام'!X13 -> 0
D11: 45662 | E11: =MONTH(D11) -> 1 | H11: 600 | K11: =SUMIF($F$10:$F$25,J11,$H$10:$H$25) -> 0 | M11: 2 | N11: =SUMIF($E$10:$E$25,M11,$H$10:$H$255) -> 400 | O11: ='الاستاذ العام'!X14 -> 0
D12: 45691 | E12: =MONTH(D12) -> 2 | H12: 400 | K12: =SUMIF($F$10:$F$25,J12,$H$10:$H$25) -> 0 | M12: 3 | N12: =SUMIF($E$10:$E$25,M12,$H$10:$H$255) -> 0 | O12: ='الاستاذ العام'!X15 -> 0
D13: 45720 | E13: =MONTH(D13) -> 3 | K13: =SUMIF($F$10:$F$25,J13,$H$10:$H$25) -> 0 | M13: 4 | N13: =SUMIF($E$10:$E$25,M13,$H$10:$H$255) -> 300 | O13: ='الاستاذ العام'!X16 -> 0
D14: 45749 | E14: =MONTH(D14) -> 4 | H14: 300 | K14: =SUMIF($F$10:$F$25,J14,$H$10:$H$25) -> 0 | M14: 5 | N14: =SUMIF($E$10:$E$25,M14,$H$10:$H$255) -> 0 | O14: ='الاستاذ العام'!X17 -> 0
K15: =SUMIF($F$10:$F$25,J15,$H$10:$H$25) -> 0 | M15: 6 | N15: =SUMIF($E$10:$E$25,M15,$H$10:$H$255) -> 0 | O15: ='الاستاذ العام'!X18 -> 0
K16: =SUMIF($F$10:$F$25,J16,$H$10:$H$25) -> 0 | M16: 7 | N16: =SUMIF($E$10:$E$25,M16,$H$10:$H$255) -> 0 | O16: ='الاستاذ العام'!X19 -> 0
K17: =SUMIF($F$10:$F$25,J17,$H$10:$H$25) -> 0 | M17: 8 | N17: =SUMIF($E$10:$E$25,M17,$H$10:$H$255) -> 0 | O17: ='الاستاذ العام'!X20 -> 0
K18: =SUMIF($F$10:$F$25,J18,$H$10:$H$25) -> 0 | M18: 9 | N18: =SUMIF($E$10:$E$25,M18,$H$10:$H$255) -> 0 | O18: ='الاستاذ العام'!X21 -> 0
K19: =SUMIF($F$10:$F$25,J19,$H$10:$H$25) -> 0 | M19: 10 | N19: =SUMIF($E$10:$E$25,M19,$H$10:$H$255) -> 0 | O19: ='الاستاذ العام'!X22 -> 0
K20: =SUMIF($F$10:$F$25,J20,$H$10:$H$25) -> 0 | M20: 11 | N20: =SUMIF($E$10:$E$25,M20,$H$10:$H$255) -> 0 | O20: ='الاستاذ العام'!X23 -> 0
K21: =SUMIF($F$10:$F$25,J21,$H$10:$H$25) -> 0 | M21: 12 | N21: =SUMIF($E$10:$E$25,M21,$H$10:$H$255) -> 400000 | O21: ='الاستاذ العام'!X24 -> 0
K22: =SUMIF($F$10:$F$25,J22,$H$10:$H$25) -> 0
K23: =SUMIF($F$10:$F$25,J23,$H$10:$H$25) -> 0
K24: =SUMIF($F$10:$F$25,J24,$H$10:$H$25) -> 0
K25: =SUMIF($F$10:$F$25,J25,$H$10:$H$25) -> 0
D26: الاجمالى | F26: =SUM(F11:F25) -> 0 | G26: =SUM(G11:G25) -> 0 | H26: =SUM(H11:H25) -> 1300 | J26: الاجمالى | K26: =SUM(K10:K25) -> 400000

Sheet الاهلاكات
O3: سنه | P3: 44671
C9: م | D9: اسم الاصل | E9: التصنيف | F9: تاريخ الشراء | G9: المبلغ | H9: مجموع الاهلاك اول الفترة | I9: نسبة الاهلاك "سنوى" | J9: مجموع الاهلاك اخر الفترة | K9: عمر الاصل | L9: صافى قيمة الاصل | P9: البيان | Q9: النسبه%
C10: 1 | D10: مكاتب | E10: الاثاث المكتبى والادوات | F10: 44972 | G10: 60000 | H10: =AMORDEGRC(G10,F10,DATE($P$3-1,12,30),0,0,I10) -> #NUM! | I10: =IFERROR(VLOOKUP(E10,$P$10:$Q$16,2,0),"") -> 0.1 | J10: =AMORDEGRC(G10,F10,TODAY(),0,0,I10) -> 29167 | K10: =(TODAY()-F10)/365 -> 1.9452055 | P10: الاراضى | Q10: 0
C11: 2 | D11: جرار | E11: الالات والمعدات | F11: 44973 | G11: 90000 | H11: =AMORDEGRC(G11,F11,DATE($P$3-1,12,31),0,0,I11) -> #NUM! | I11: =IFERROR(VLOOKUP(E11,$P$10:$Q$16,2,0),"") -> 0.1 | J11: =IFERROR(AMORDEGRC(G11,F11,TODAY(),0,0,I11),"") -> 43688 | K11: =(TODAY()-F11)/365 -> 1.9424658 | P11: الانشاءات | Q11: 0.05
C12: 3 | D12: ارض فضاء | E12: الاراضى | F12: 44974 | G12: 210000 | H12: =AMORDEGRC(G12,F12,DATE($P$3-1,12,31),0,0,I12) -> #NUM! | I12: =IFERROR(VLOOKUP(E12,$P$10:$Q$16,2,0),"") -> 0 | J12: =IFERROR(AMORDEGRC(G12,F12,TODAY(),0,0,I12),"") | K12: =(TODAY()-F12)/365 -> 1.939726 | P12: الالات والمعدات | Q12: 0.1
C13: 4 | D13: حاسب الى | E13: الحاسب الالى واجهزه الكمبيوتر | F13: 44975 | G13: 15000 | H13: =AMORDEGRC(G13,F13,DATE($P$3-1,12,31),0,0,I13) -> #NUM! | I13: =IFERROR(VLOOKUP(E13,$P$10:$Q$16,2,0),"") -> 0.215 | J13: =IFERROR(AMORDEGRC(G13,F13,TODAY(),0,0,I13),"") -> 12488 | K13: =(TODAY()-F13)/365 -> 1.9369863 | P13: الاثاث المكتبى والادوات | Q13: 0.1
C14: 5 | H14: =AMORDEGRC(G14,F14,DATE($P$3-1,12,31),0,0,I14) -> #NUM! | I14: =IFERROR(VLOOKUP(E14,$P$10:$Q$16,2,0),"") | J14: =IFERROR(AMORDEGRC(G14,F14,TODAY(),0,0,I14),"") | P14: اجهزه | Q14: 0.25
C15: 6 | H15: =AMORDEGRC(G15,F15,DATE($P$3-1,12,31),0,0,I15) -> #NUM! | I15: =IFERROR(VLOOKUP(E15,$P$10:$Q$16,2,0),"") | J15: =IFERROR(AMORDEGRC(G15,F15,TODAY(),0,0,I15),"") | P15: وسائل النقل | Q15: 0.13
C16: 7 | H16: =AMORDEGRC(G16,F16,DATE($P$3-1,12,31),0,0,I16) -> #NUM! | I16: =IFERROR(VLOOKUP(E16,$P$10:$Q$16,2,0),"") | J16: =IFERROR(AMORDEGRC(G16,F16,TODAY(),0,0,I16),"") | P16: الحاسب الالى واجهزه الكمبيوتر | Q16: 0.215
C17: 8 | H17: =AMORDEGRC(G17,F17,DATE($P$3-1,12,31),0,0,I17) -> #NUM! | I17: =IFERROR(VLOOKUP(E17,$P$10:$Q$16,2,0),"") | J17: =IFERROR(AMORDEGRC(G17,F17,TODAY(),0,0,I17),"")
C18: 9 | H18: =AMORDEGRC(G18,F18,DATE($P$3-1,12,31),0,0,I18) -> #NUM! | I18: =IFERROR(VLOOKUP(E18,$P$10:$Q$16,2,0),"") | J18: =IFERROR(AMORDEGRC(G18,F18,TODAY(),0,0,I18),"")
C19: 10 | H19: =AMORDEGRC(G19,F19,DATE($P$3-1,12,31),0,0,I19) -> #NUM! | I19: =IFERROR(VLOOKUP(E19,$P$10:$Q$16,2,0),"") | J19: =IFERROR(AMORDEGRC(G19,F19,TODAY(),0,0,I19),"")
C20: 11 | H20: =AMORDEGRC(G20,F20,DATE($P$3-1,12,31),0,0,I20) -> #NUM! | I20: =IFERROR(VLOOKUP(E20,$P$10:$Q$16,2,0),"") | J20: =IFERROR(AMORDEGRC(G20,F20,TODAY(),0,0,I20),"")
C21: 12 | H21: =AMORDEGRC(G21,F21,DATE($P$3-1,12,31),0,0,I21) -> #NUM! | I21: =IFERROR(VLOOKUP(E21,$P$10:$Q$16,2,0),"") | J21: =IFERROR(AMORDEGRC(G21,F21,TODAY(),0,0,I21),"")
C22: 13 | H22: =AMORDEGRC(G22,F22,DATE($P$3-1,12,31),0,0,I22) -> #NUM! | I22: =IFERROR(VLOOKUP(E22,$P$10:$Q$16,2,0),"") | J22: =IFERROR(AMORDEGRC(G22,F22,TODAY(),0,0,I22),"")
C23: 14 | H23: =AMORDEGRC(G23,F23,DATE($P$3-1,12,31),0,0,I23) -> #NUM! | I23: =IFERROR(VLOOKUP(E23,$P$10:$Q$16,2,0),"") | J23: =IFERROR(AMORDEGRC(G23,F23,TODAY(),0,0,I23),"")
C24: 15 | H24: =AMORDEGRC(G24,F24,DATE($P$3-1,12,31),0,0,I24) -> #NUM! | I24: =IFERROR(VLOOKUP(E24,$P$10:$Q$16,2,0),"") | J24: =IFERROR(AMORDEGRC(G24,F24,TODAY(),0,0,I24),"")
C25: 16 | H25: =AMORDEGRC(G25,F25,DATE($P$3-1,12,31),0,0,I25) -> #NUM! | I25: =IFERROR(VLOOKUP(E25,$P$10:$Q$16,2,0),"") | J25: =IFERROR(AMORDEGRC(G25,F25,TODAY(),0,0,I25),"")
D26: الاجمالى | F26: =SUM(F11:F25) -> 134922 | G26: =SUM(G11:G25) -> 315000 | H26: =SUM(H11:H25) -> #NUM!
