Workbook

Sheet الوجهه الرئيسية

Sheet المخزن
A1: رقم الصنف | B1: اسم الصنف | C1: الوصف | D1: الكمية المتاحة | E1: سعر الشراء | F1: سعر البيع | G1: قيمة المخزن
A2: 101 | B2: تيشرت بولو | C2: تيشيرت اصلى | D2: =IF(A2="","",(SUMIF(المشتريات!$D:$D,المخزن!A2,المشتريات!$F:$F)-SUMIF(المبيعات!$E:$E,المخزن!A2,المبيعات!$G:$G))) -> 39 | E2: 105 | F2: 150 | G2: =D2*E2 -> 4095
A3: 102 | B3: تيشرت اديداس | C3: شورت تقليدى | D3: =IF(A3="","",(SUMIF(المشتريات!$D:$D,المخزن!A3,المشتريات!$F:$F)-SUMIF(المبيعات!$E:$E,المخزن!A3,المبيعات!$G:$G))) -> 0 | E3: 215 | F3: 280 | G3: =D3*E3 -> 0 | I3: مبلغ المخزن
A4: 103 | B4: عباية حريمى | C4: قسم النساء | D4: =IF(A4="","",(SUMIF(المشتريات!$D:$D,المخزن!A4,المشتريات!$F:$F)-SUMIF(المبيعات!$E:$E,المخزن!A4,المبيعات!$G:$G))) -> 22 | E4: 235 | F4: 300 | G4: =D4*E4 -> 5170 | I4: =SUM(G2:G12) -> 49495
A5: 104 | B5: ملابس اطفال | C5: قسم الاطفال | D5: =IF(A5="","",(SUMIF(المشتريات!$D:$D,المخزن!A5,المشتريات!$F:$F)-SUMIF(المبيعات!$E:$E,المخزن!A5,المبيعات!$G:$G))) -> 120 | E5: 170 | F5: 220 | G5: =D5*E5 -> 20400
A6: 105 | B6: طقم بناتى | C6: قسم اطفال | D6: =IF(A6="","",(SUMIF(المشتريات!$D:$D,المخزن!A6,المشتريات!$F:$F)-SUMIF(المبيعات!$E:$E,المخزن!A6,المبيعات!$G:$G))) -> 31 | E6: 210 | F6: 300 | G6: =D6*E6 -> 6510
A7: 106 | B7: طقم رياضى | C7: قسم رياضى | D7: =IF(A7="","",(SUMIF(المشتريات!$D:$D,المخزن!A7,المشتريات!$F:$F)-SUMIF(المبيعات!$E:$E,المخزن!A7,المبيعات!$G:$G))) -> 37 | E7: 360 | F7: 420 | G7: =D7*E7 -> 13320

Sheet المبيعات
A1: اسم العميل | B1: طريقة الدفع | C1: رقم الفاتورة | D1: تاريخ الفاتورة | E1: رقم الصنف | F1: اسم الصنف | G1: الكمية | H1: سعر البيع | I1: إجمالى الفاتورة
A2: اكرم محمد محمود | B2: كاش | C2: =IF(ISBLANK(E2),"",TEXT(COUNTIF($E$2:E2,"<>")+1,"000")) -> 002 | D2: =IF(ISBLANK(E2),"",TODAY()) -> 45827 | E2: 101 | F2: =IFERROR(VLOOKUP(E2,المخزن!$A$1:$B$26,2,FALSE),"") -> تيشرت بولو | G2: 8 | H2: =IFERROR(VLOOKUP(E2,المخزن!$A$1:$F$26,6,FALSE),"") -> 150 | I2: =IFERROR((H2*G2),"") -> 1200
A3: سعيد محمود محمد | B3: آجل | C3: =IF(ISBLANK(E3),"",TEXT(COUNTIF($E$2:E3,"<>")+1,"000")) -> 003 | D3: =IF(ISBLANK(E3),"",TODAY()) -> 45827 | E3: 104 | F3: =IFERROR(VLOOKUP(E3,المخزن!$A$1:$B$26,2,FALSE),"") -> ملابس اطفال | G3: 3 | H3: =IFERROR(VLOOKUP(E3,المخزن!$A$1:$F$26,6,FALSE),"") -> 220 | I3: =IFERROR((H3*G3),"") -> 660
A4: عبدالرحمن محمد سعيد | B4: كاش | C4: =IF(ISBLANK(E4),"",TEXT(COUNTIF($E$2:E4,"<>")+1,"000")) -> 004 | D4: =IF(ISBLANK(E4),"",TODAY()) -> 45827 | E4: 104 | F4: =IFERROR(VLOOKUP(E4,المخزن!$A$1:$B$26,2,FALSE),"") -> ملابس اطفال | G4: 12 | H4: =IFERROR(VLOOKUP(E4,المخزن!$A$1:$F$26,6,FALSE),"") -> 220 | I4: =IFERROR((H4*G4),"") -> 2640
A5: خميس على جمعه | B5: كاش | C5: =IF(ISBLANK(E5),"",TEXT(COUNTIF($E$2:E5,"<>")+1,"000")) -> 005 | D5: =IF(ISBLANK(E5),"",TODAY()) -> 45827 | E5: 105 | F5: =IFERROR(VLOOKUP(E5,المخزن!$A$1:$B$26,2,FALSE),"") -> طقم بناتى | G5: 1 | H5: =IFERROR(VLOOKUP(E5,المخزن!$A$1:$F$26,6,FALSE),"") -> 300 | I5: =IFERROR((H5*G5),"") -> 300
A6: رجب عيد محمود | B6: كاش | C6: =IF(ISBLANK(E6),"",TEXT(COUNTIF($E$2:E6,"<>")+1,"000")) -> 006 | D6: =IF(ISBLANK(E6),"",TODAY()) -> 45827 | E6: 106 | F6: =IFERROR(VLOOKUP(E6,المخزن!$A$1:$B$26,2,FALSE),"") -> طقم رياضى | G6: 5 | H6: =IFERROR(VLOOKUP(E6,المخزن!$A$1:$F$26,6,FALSE),"") -> 420 | I6: =IFERROR((H6*G6),"") -> 2100
A7: اسلام عبدالفتاح محمد | B7: آجل | C7: =IF(ISBLANK(E7),"",TEXT(COUNTIF($E$2:E7,"<>")+1,"000")) -> 007 | D7: =IF(ISBLANK(E7),"",TODAY()) -> 45827 | E7: 101 | F7: =IFERROR(VLOOKUP(E7,المخزن!$A$1:$B$26,2,FALSE),"") -> تيشرت بولو | G7: 2 | H7: =IFERROR(VLOOKUP(E7,المخزن!$A$1:$F$26,6,FALSE),"") -> 150 | I7: =IFERROR((H7*G7),"") -> 300
A8: عبدالفتاح محمد | B8: آجل | C8: =IF(ISBLANK(E8),"",TEXT(COUNTIF($E$2:E8,"<>")+1,"000")) -> 008 | D8: =IF(ISBLANK(E8),"",TODAY()) -> 45827 | E8: 104 | F8: =IFERROR(VLOOKUP(E8,المخزن!$A$1:$B$26,2,FALSE),"") -> ملابس اطفال | G8: 10 | H8: =IFERROR(VLOOKUP(E8,المخزن!$A$1:$F$26,6,FALSE),"") -> 220 | I8: =IFERROR((H8*G8),"") -> 2200
C9: =IF(ISBLANK(E9),"",TEXT(COUNTIF($E$2:E9,"<>")+1,"000")) -> 009 | D9: =IF(ISBLANK(E9),"",TODAY()) -> 45827 | E9: 104 | F9: =IFERROR(VLOOKUP(E9,المخزن!$A$1:$B$26,2,FALSE),"") -> ملابس اطفال | H9: =IFERROR(VLOOKUP(E9,المخزن!$A$1:$F$26,6,FALSE),"") -> 220 | I9: =IFERROR((H9*G9),"") -> 0
C10: =IF(ISBLANK(E10),"",TEXT(COUNTIF($E$2:E10,"<>")+1,"000")) | D10: =IF(ISBLANK(E10),"",TODAY()) | F10: =IFERROR(VLOOKUP(E10,المخزن!$A$1:$B$26,2,FALSE),"") | H10: =IFERROR(VLOOKUP(E10,المخزن!$A$1:$F$26,6,FALSE),"") | I10: =IFERROR((H10*G10),"")
C11: =IF(ISBLANK(E11),"",TEXT(COUNTIF($E$2:E11,"<>")+1,"000")) | D11: =IF(ISBLANK(E11),"",TODAY()) | F11: =IFERROR(VLOOKUP(E11,المخزن!$A$1:$B$26,2,FALSE),"") | H11: =IFERROR(VLOOKUP(E11,المخزن!$A$1:$F$26,6,FALSE),"") | I11: =IFERROR((H11*G11),"")
C12: =IF(ISBLANK(E12),"",TEXT(COUNTIF($E$2:E12,"<>")+1,"000")) | D12: =IF(ISBLANK(E12),"",TODAY()) | F12: =IFERROR(VLOOKUP(E12,المخزن!$A$1:$B$26,2,FALSE),"") | H12: =IFERROR(VLOOKUP(E12,المخزن!$A$1:$F$26,6,FALSE),"") | I12: =IFERROR((H12*G12),"")
C13: =IF(ISBLANK(E13),"",TEXT(COUNTIF($E$2:E13,"<>")+1,"000")) | D13: =IF(ISBLANK(E13),"",TODAY()) | F13: =IFERROR(VLOOKUP(E13,المخزن!$A$1:$B$26,2,FALSE),"") | H13: =IFERROR(VLOOKUP(E13,المخزن!$A$1:$F$26,6,FALSE),"") | I13: =IFERROR((H13*G13),"")
C14: =IF(ISBLANK(E14),"",TEXT(COUNTIF($E$2:E14,"<>")+1,"000")) | D14: =IF(ISBLANK(E14),"",TODAY()) | F14: =IFERROR(VLOOKUP(E14,المخزن!$A$1:$B$26,2,FALSE),"") | H14: =IFERROR(VLOOKUP(E14,المخزن!$A$1:$F$26,6,FALSE),"") | I14: =IFERROR((H14*G14),"")
C15: =IF(ISBLANK(E15),"",TEXT(COUNTIF($E$2:E15,"<>")+1,"000")) | D15: =IF(ISBLANK(E15),"",TODAY()) | F15: =IFERROR(VLOOKUP(E15,المخزن!$A$1:$B$26,2,FALSE),"") | H15: =IFERROR(VLOOKUP(E15,المخزن!$A$1:$F$26,6,FALSE),"") | I15: =IFERROR((H15*G15),"")
C16: =IF(ISBLANK(E16),"",TEXT(COUNTIF($E$2:E16,"<>")+1,"000")) | D16: =IF(ISBLANK(E16),"",TODAY()) | F16: =IFERROR(VLOOKUP(E16,المخزن!$A$1:$B$26,2,FALSE),"") | H16: =IFERROR(VLOOKUP(E16,المخزن!$A$1:$F$26,6,FALSE),"") | I16: =IFERROR((H16*G16),"")
C17: =IF(ISBLANK(E17),"",TEXT(COUNTIF($E$2:E17,"<>")+1,"000")) | D17: =IF(ISBLANK(E17),"",TODAY()) | F17: =IFERROR(VLOOKUP(E17,المخزن!$A$1:$B$26,2,FALSE),"") | H17: =IFERROR(VLOOKUP(E17,المخزن!$A$1:$F$26,6,FALSE),"") | I17: =IFERROR((H17*G17),"")
C18: =IF(ISBLANK(E18),"",TEXT(COUNTIF($E$2:E18,"<>")+1,"000")) | D18: =IF(ISBLANK(E18),"",TODAY()) | F18: =IFERROR(VLOOKUP(E18,المخزن!$A$1:$B$26,2,FALSE),"") | H18: =IFERROR(VLOOKUP(E18,المخزن!$A$1:$F$26,6,FALSE),"") | I18: =IFERROR((H18*G18),"")
C19: =IF(ISBLANK(E19),"",TEXT(COUNTIF($E$2:E19,"<>")+1,"000")) | D19: =IF(ISBLANK(E19),"",TODAY()) | F19: =IFERROR(VLOOKUP(E19,المخزن!$A$1:$B$26,2,FALSE),"") | H19: =IFERROR(VLOOKUP(E19,المخزن!$A$1:$F$26,6,FALSE),"") | I19: =IFERROR((H19*G19),"")
C20: =IF(ISBLANK(E20),"",TEXT(COUNTIF($E$2:E20,"<>")+1,"000")) | D20: =IF(ISBLANK(E20),"",TODAY()) | F20: =IFERROR(VLOOKUP(E20,المخزن!$A$1:$B$26,2,FALSE),"") | H20: =IFERROR(VLOOKUP(E20,المخزن!$A$1:$F$26,6,FALSE),"") | I20: =IFERROR((H20*G20),"")
D21: =IF(ISBLANK(E21),"",TODAY()) | F21: =IFERROR(VLOOKUP(E21,المخزن!$A$1:$B$26,2,FALSE),"") | H21: =IFERROR(VLOOKUP(E21,المخزن!$A$1:$F$26,6,FALSE),"") | I21: =IFERROR((H21*G21),"")
F22: =IFERROR(VLOOKUP(E22,المخزن!$A$1:$B$26,2,FALSE),"") | H22: =IFERROR(VLOOKUP(E22,المخزن!$A$1:$F$26,6,FALSE),"") | I22: =IFERROR((H22*G22),"")

Sheet المشتريات
A1: رقم الفاتورة | B1: تاريخ الفاتورة | C1: اسم المورد | D1: رقم الصنف | E1: اسم الصنف | F1: الكمية | G1: سعر الشراء | H1: إجمالى الفاتورة
A2: 990 | B2: 45822 | C2: جمال محمد سيد | D2: 101 | E2: =IFERROR(VLOOKUP(D2,المخزن!$A$2:$E$23,2,FALSE),"") -> تيشرت بولو | F2: 25 | G2: =IFERROR(VLOOKUP(D2,المخزن!$A$2:$F$45,5,FALSE),"") -> 105 | H2: =IFERROR((G2*F2),"") -> 2625
D3: 105 | E3: =IFERROR(VLOOKUP(D3,المخزن!$A$2:$E$23,2,FALSE),"") -> طقم بناتى | F3: 12 | G3: =IFERROR(VLOOKUP(D3,المخزن!$A$2:$F$45,5,FALSE),"") -> 210 | H3: =IFERROR((G3*F3),"") -> 2520
D4: 106 | E4: =IFERROR(VLOOKUP(D4,المخزن!$A$2:$E$23,2,FALSE),"") -> طقم رياضى | F4: 17 | G4: =IFERROR(VLOOKUP(D4,المخزن!$A$2:$F$45,5,FALSE),"") -> 360 | H4: =IFERROR((G4*F4),"") -> 6120
D5: 104 | E5: =IFERROR(VLOOKUP(D5,المخزن!$A$2:$E$23,2,FALSE),"") -> ملابس اطفال | F5: 33 | G5: =IFERROR(VLOOKUP(D5,المخزن!$A$2:$F$45,5,FALSE),"") -> 170 | H5: =IFERROR((G5*F5),"") -> 5610
H6: =SUM(H2:H5) -> 16875
A7: 1150 | B7: 45763 | C7: سعيد محمود عبدالهادى | D7: 104 | E7: =IFERROR(VLOOKUP(D7,المخزن!$A$2:$E$23,2,FALSE),"") -> ملابس اطفال | F7: 17 | G7: =IFERROR(VLOOKUP(D7,المخزن!$A$2:$F$45,5,FALSE),"") -> 170 | H7: =IFERROR((G7*F7),"") -> 2890
D8: 103 | E8: =IFERROR(VLOOKUP(D8,المخزن!$A$2:$E$23,2,FALSE),"") -> عباية حريمى | F8: 22 | G8: =IFERROR(VLOOKUP(D8,المخزن!$A$2:$F$45,5,FALSE),"") -> 235 | H8: =IFERROR((G8*F8),"") -> 5170
D9: 101 | E9: =IFERROR(VLOOKUP(D9,المخزن!$A$2:$E$23,2,FALSE),"") -> تيشرت بولو | F9: 11 | G9: =IFERROR(VLOOKUP(D9,المخزن!$A$2:$F$45,5,FALSE),"") -> 105 | H9: =IFERROR((G9*F9),"") -> 1155
D10: 105 | E10: =IFERROR(VLOOKUP(D10,المخزن!$A$2:$E$23,2,FALSE),"") -> طقم بناتى | F10: 13 | G10: =IFERROR(VLOOKUP(D10,المخزن!$A$2:$F$45,5,FALSE),"") -> 210 | H10: =IFERROR((G10*F10),"") -> 2730
D11: 106 | E11: =IFERROR(VLOOKUP(D11,المخزن!$A$2:$E$23,2,FALSE),"") -> طقم رياضى | F11: 25 | G11: =IFERROR(VLOOKUP(D11,المخزن!$A$2:$F$45,5,FALSE),"") -> 360 | H11: =IFERROR((G11*F11),"") -> 9000
D12: 101 | E12: =IFERROR(VLOOKUP(D12,المخزن!$A$2:$E$23,2,FALSE),"") -> تيشرت بولو | F12: 13 | G12: =IFERROR(VLOOKUP(D12,المخزن!$A$2:$F$45,5,FALSE),"") -> 105 | H12: =IFERROR((G12*F12),"") -> 1365
E13: =IFERROR(VLOOKUP(D13,المخزن!$A$2:$E$23,2,FALSE),"") | G13: =IFERROR(VLOOKUP(D13,المخزن!$A$2:$F$45,5,FALSE),"") | H13: =SUM(H7:H12) -> 22310
D14: 104 | E14: =IFERROR(VLOOKUP(D14,المخزن!$A$2:$E$23,2,FALSE),"") -> ملابس اطفال | F14: 15 | G14: =IFERROR(VLOOKUP(D14,المخزن!$A$2:$F$45,5,FALSE),"") -> 170 | H14: =IFERROR((G14*F14),"") -> 2550
D15: 105 | E15: =IFERROR(VLOOKUP(D15,المخزن!$A$2:$E$23,2,FALSE),"") -> طقم بناتى | F15: 7 | G15: =IFERROR(VLOOKUP(D15,المخزن!$A$2:$F$45,5,FALSE),"") -> 210 | H15: =IFERROR((G15*F15),"") -> 1470
D16: 104 | E16: =IFERROR(VLOOKUP(D16,المخزن!$A$2:$E$23,2,FALSE),"") -> ملابس اطفال | F16: 30 | G16: =IFERROR(VLOOKUP(D16,المخزن!$A$2:$F$45,5,FALSE),"") -> 170 | H16: =IFERROR((G16*F16),"") -> 5100
A17: 990 | B17: 45764 | C17: اكرم محمد | D17: 104 | E17: =IFERROR(VLOOKUP(D17,المخزن!$A$2:$E$23,2,FALSE),"") -> ملابس اطفال | F17: 50 | G17: =IFERROR(VLOOKUP(D17,المخزن!$A$2:$F$45,5,FALSE),"") -> 170 | H17: =IFERROR((G17*F17),"") -> 8500
A18: 1000 | B18: 5-5- | C18: سعيد محمد | D18: 106 | E18: =IFERROR(VLOOKUP(D18,المخزن!$A$2:$E$23,2,FALSE),"") -> طقم رياضى | G18: =IFERROR(VLOOKUP(D18,المخزن!$A$2:$F$45,5,FALSE),"") -> 360 | H18: =IFERROR((G18*F18),"") -> 0
E19: =IFERROR(VLOOKUP(D19,المخزن!$A$2:$E$23,2,FALSE),"") | G19: =IFERROR(VLOOKUP(D19,المخزن!$A$2:$F$45,5,FALSE),"") | H19: =IFERROR((G19*F19),"")
E20: =IFERROR(VLOOKUP(D20,المخزن!$A$2:$E$23,2,FALSE),"") | G20: =IFERROR(VLOOKUP(D20,المخزن!$A$2:$F$45,5,FALSE),"") | H20: =IFERROR((G20*F20),"")
E21: =IFERROR(VLOOKUP(D21,المخزن!$A$2:$E$23,2,FALSE),"") | G21: =IFERROR(VLOOKUP(D21,المخزن!$A$2:$F$45,5,FALSE),"") | H21: =IFERROR((G21*F21),"")
E22: =IFERROR(VLOOKUP(D22,المخزن!$A$2:$E$23,2,FALSE),"") | G22: =IFERROR(VLOOKUP(D22,المخزن!$A$2:$F$45,5,FALSE),"") | H22: =IFERROR((G22*F22),"")
E23: =IFERROR(VLOOKUP(D23,المخزن!$A$2:$E$23,2,FALSE),"") | G23: =IFERROR(VLOOKUP(D23,المخزن!$A$2:$F$45,5,FALSE),"") | H23: =IFERROR((G23*F23),"")
E24: =IFERROR(VLOOKUP(D24,المخزن!$A$2:$E$23,2,FALSE),"") | G24: =IFERROR(VLOOKUP(D24,المخزن!$A$2:$F$45,5,FALSE),"") | H24: =IFERROR((G24*F24),"")
E25: =IFERROR(VLOOKUP(D25,المخزن!$A$2:$E$23,2,FALSE),"") | G25: =IFERROR(VLOOKUP(D25,المخزن!$A$2:$F$45,5,FALSE),"") | H25: =IFERROR((G25*F25),"")
E26: =IFERROR(VLOOKUP(D26,المخزن!$A$2:$E$23,2,FALSE),"") | G26: =IFERROR(VLOOKUP(D26,المخزن!$A$2:$F$45,5,FALSE),"") | H26: =IFERROR((G26*F26),"")
E27: =IFERROR(VLOOKUP(D27,المخزن!$A$2:$E$23,2,FALSE),"") | G27: =IFERROR(VLOOKUP(D27,المخزن!$A$2:$F$45,5,FALSE),"") | H27: =IFERROR((G27*F27),"")
E28: =IFERROR(VLOOKUP(D28,المخزن!$A$2:$E$23,2,FALSE),"") | G28: =IFERROR(VLOOKUP(D28,المخزن!$A$2:$F$45,5,FALSE),"") | H28: =IFERROR((G28*F28),"")
E29: =IFERROR(VLOOKUP(D29,المخزن!$A$2:$E$23,2,FALSE),"") | G29: =IFERROR(VLOOKUP(D29,المخزن!$A$2:$F$45,5,FALSE),"") | H29: =IFERROR((G29*F29),"")
E30: =IFERROR(VLOOKUP(D30,المخزن!$A$2:$E$23,2,FALSE),"") | G30: =IFERROR(VLOOKUP(D30,المخزن!$A$2:$F$45,5,FALSE),"") | H30: =IFERROR((G30*F30),"")

Sheet الآجل
A1: اسم العميل | B1: إجمالي المبيعات بالآجل | C1: المبلغ المدفوع | D1: المبلغ المتبقى
A2: سعيد محمود محمد | B2: =IF(A2="","",SUMIFS(المبيعات!I:I,المبيعات!A:A,الآجل!A2,المبيعات!B:B,"آجل")) -> 660 | C2: 200 | D2: =IFERROR((B2-C2),"") -> 460
A3: اسلام عبدالفتاح محمد | B3: =IF(A3="","",SUMIFS(المبيعات!I:I,المبيعات!A:A,الآجل!A3,المبيعات!B:B,"آجل")) -> 300 | C3: 50 | D3: =IFERROR((B3-C3),"") -> 250
A4: عبدالفتاح محمد | B4: =IF(A4="","",SUMIFS(المبيعات!I:I,المبيعات!A:A,الآجل!A4,المبيعات!B:B,"آجل")) -> 2200 | C4: 900 | D4: =IFERROR((B4-C4),"") -> 1300
A5: سعيد محمود محمد | B5: =IF(A5="","",SUMIFS(المبيعات!I:I,المبيعات!A:A,الآجل!A5,المبيعات!B:B,"آجل")) -> 660 | C5: 500 | D5: =IFERROR((B5-C5),"") -> 160
B6: =IF(A6="","",SUMIFS(المبيعات!I:I,المبيعات!A:A,الآجل!A6,المبيعات!B:B,"آجل")) | D6: =IFERROR((B6-C6),"")
B7: =IF(A7="","",SUMIFS(المبيعات!I:I,المبيعات!A:A,الآجل!A7,المبيعات!B:B,"آجل")) | D7: =IFERROR((B7-C7),"")
B8: =IF(A8="","",SUMIFS(المبيعات!I:I,المبيعات!A:A,الآجل!A8,المبيعات!B:B,"آجل")) | D8: =IFERROR((B8-C8),"")
B9: =IF(A9="","",SUMIFS(المبيعات!I:I,المبيعات!A:A,الآجل!A9,المبيعات!B:B,"آجل")) | D9: =IFERROR((B9-C9),"")
B10: =IF(A10="","",SUMIFS(المبيعات!I:I,المبيعات!A:A,الآجل!A10,المبيعات!B:B,"آجل")) | D10: =IFERROR((B10-C10),"")
B11: =IF(A11="","",SUMIFS(المبيعات!I:I,المبيعات!A:A,الآجل!A11,المبيعات!B:B,"آجل")) | D11: =IFERROR((B11-C11),"")
B12: =IF(A12="","",SUMIFS(المبيعات!I:I,المبيعات!A:A,الآجل!A12,المبيعات!B:B,"آجل")) | D12: =IFERROR((B12-C12),"")
B13: =IF(A13="","",SUMIFS(المبيعات!I:I,المبيعات!A:A,الآجل!A13,المبيعات!B:B,"آجل")) | D13: =IFERROR((B13-C13),"")
B14: =IF(A14="","",SUMIFS(المبيعات!I:I,المبيعات!A:A,الآجل!A14,المبيعات!B:B,"آجل")) | D14: =IFERROR((B14-C14),"")
B15: =IF(A15="","",SUMIFS(المبيعات!I:I,المبيعات!A:A,الآجل!A15,المبيعات!B:B,"آجل")) | D15: =IFERROR((B15-C15),"")
B16: =IF(A16="","",SUMIFS(المبيعات!I:I,المبيعات!A:A,الآجل!A16,المبيعات!B:B,"آجل")) | D16: =IFERROR((B16-C16),"")
B17: =IF(A17="","",SUMIFS(المبيعات!I:I,المبيعات!A:A,الآجل!A17,المبيعات!B:B,"آجل")) | D17: =IFERROR((B17-C17),"")
... B70: =IF(A70="","",SUMIFS(المبيعات!I:I,المبيعات!A:A,الآجل!A70,المبيعات!B:B,"آجل")) | D70: =IFERROR((B70-C70),"")

Sheet الكاش
A1: اسم العميل | B1: إجمالي المبيعات النقدية
A2: اكرم محمد محمود | B2: =IF(A2="","",SUMIFS(المبيعات!I:I,المبيعات!A:A,الكاش!A2,المبيعات!B:B,"كاش ")) -> 1200
A3: خميس على جمعه | B3: =IF(A3="","",SUMIFS(المبيعات!I:I,المبيعات!A:A,الكاش!A3,المبيعات!B:B,"كاش ")) -> 300
A4: رجب عيد محمود | B4: =IF(A4="","",SUMIFS(المبيعات!I:I,المبيعات!A:A,الكاش!A4,المبيعات!B:B,"كاش ")) -> 2100
A5: عبدالرحمن محمد سعيد | B5: =IF(A5="","",SUMIFS(المبيعات!I:I,المبيعات!A:A,الكاش!A5,المبيعات!B:B,"كاش ")) -> 2640
B6: =IF(A6="","",SUMIFS(المبيعات!I:I,المبيعات!A:A,الكاش!A6,المبيعات!B:B,"كاش "))
B7: =IF(A7="","",SUMIFS(المبيعات!I:I,المبيعات!A:A,الكاش!A7,المبيعات!B:B,"كاش "))
B8: =IF(A8="","",SUMIFS(المبيعات!I:I,المبيعات!A:A,الكاش!A8,المبيعات!B:B,"كاش "))
B9: =IF(A9="","",SUMIFS(المبيعات!I:I,المبيعات!A:A,الكاش!A9,المبيعات!B:B,"كاش "))
B10: =IF(A10="","",SUMIFS(المبيعات!I:I,المبيعات!A:A,الكاش!A10,المبيعات!B:B,"كاش "))
B11: =IF(A11="","",SUMIFS(المبيعات!I:I,المبيعات!A:A,الكاش!A11,المبيعات!B:B,"كاش "))
B12: =IF(A12="","",SUMIFS(المبيعات!I:I,المبيعات!A:A,الكاش!A12,المبيعات!B:B,"كاش "))
B13: =IF(A13="","",SUMIFS(المبيعات!I:I,المبيعات!A:A,الكاش!A13,المبيعات!B:B,"كاش "))
B14: =IF(A14="","",SUMIFS(المبيعات!I:I,المبيعات!A:A,الكاش!A14,المبيعات!B:B,"كاش "))
B15: =IF(A15="","",SUMIFS(المبيعات!I:I,المبيعات!A:A,الكاش!A15,المبيعات!B:B,"كاش "))
B16: =IF(A16="","",SUMIFS(المبيعات!I:I,المبيعات!A:A,الكاش!A16,المبيعات!B:B,"كاش "))
B17: =IF(A17="","",SUMIFS(المبيعات!I:I,المبيعات!A:A,الكاش!A17,المبيعات!B:B,"كاش "))
... B113: =IF(A113="","",SUMIFS(المبيعات!I:I,المبيعات!A:A,الكاش!A113,المبيعات!B:B,"كاش "))

Sheet الأرباح
A1: رقم الصنف | B1: اسم الصنف | C1: الكمية المباعة | D1: الكمية المشتراة | E1: سعر البيع للوحدة | F1: سعر شراء للوحدة | G1: إجمالي المبيعات | H1: إجمالي المشتراة | I1: الأرباح
A2: =المخزن!A2 -> 101 | B2: =المخزن!B2 -> تيشرت بولو | C2: =SUMIFS(المبيعات!G:G,المبيعات!E:E,الأرباح!A2) -> 10 | D2: =SUMIFS(المشتريات!F:F,المشتريات!D:D,الأرباح!A2) -> 49 | E2: =VLOOKUP(B2,المخزن!B2:F18,5,FALSE) -> 150 | F2: =VLOOKUP(B2,المخزن!B2:E16,4,FALSE) -> 105 | G2: =C2*E2 -> 1500 | H2: =D2*F2 -> 5145 | I2: =H2-G2 -> 3645
A3: =المخزن!A3 -> 102 | B3: =المخزن!B3 -> تيشرت اديداس | C3: =SUMIFS(المبيعات!G:G,المبيعات!E:E,الأرباح!A3) -> 0 | D3: =SUMIFS(المشتريات!F:F,المشتريات!D:D,الأرباح!A3) -> 0 | E3: =VLOOKUP(B3,المخزن!B3:F19,5,FALSE) -> 280 | F3: =VLOOKUP(B3,المخزن!B3:E17,4,FALSE) -> 215 | G3: =C3*E3 -> 0 | H3: =D3*F3 -> 0 | I3: =H3-G3 -> 0
A4: =المخزن!A4 -> 103 | B4: =المخزن!B4 -> عباية حريمى | C4: =SUMIFS(المبيعات!G:G,المبيعات!E:E,الأرباح!A4) -> 0 | D4: =SUMIFS(المشتريات!F:F,المشتريات!D:D,الأرباح!A4) -> 22 | E4: =VLOOKUP(B4,المخزن!B4:F20,5,FALSE) -> 300 | F4: =VLOOKUP(B4,المخزن!B4:E18,4,FALSE) -> 235 | G4: =C4*E4 -> 0 | H4: =D4*F4 -> 5170 | I4: =H4-G4 -> 5170
A5: =المخزن!A5 -> 104 | B5: =المخزن!B5 -> ملابس اطفال | C5: =SUMIFS(المبيعات!G:G,المبيعات!E:E,الأرباح!A5) -> 25 | D5: =SUMIFS(المشتريات!F:F,المشتريات!D:D,الأرباح!A5) -> 145 | E5: =VLOOKUP(B5,المخزن!B5:F21,5,FALSE) -> 220 | F5: =VLOOKUP(B5,المخزن!B5:E19,4,FALSE) -> 170 | G5: =C5*E5 -> 5500 | H5: =D5*F5 -> 24650 | I5: =H5-G5 -> 19150
A6: =المخزن!A6 -> 105 | B6: =المخزن!B6 -> طقم بناتى | C6: =SUMIFS(المبيعات!G:G,المبيعات!E:E,الأرباح!A6) -> 1 | D6: =SUMIFS(المشتريات!F:F,المشتريات!D:D,الأرباح!A6) -> 32 | E6: =VLOOKUP(B6,المخزن!B6:F22,5,FALSE) -> 300 | F6: =VLOOKUP(B6,المخزن!B6:E20,4,FALSE) -> 210 | G6: =C6*E6 -> 300 | H6: =D6*F6 -> 6720 | I6: =H6-G6 -> 6420
A7: =المخزن!A7 -> 106 | B7: =المخزن!B7 -> طقم رياضى | C7: =SUMIFS(المبيعات!G:G,المبيعات!E:E,الأرباح!A7) -> 5 | D7: =SUMIFS(المشتريات!F:F,المشتريات!D:D,الأرباح!A7) -> 42 | E7: =VLOOKUP(B7,المخزن!B7:F23,5,FALSE) -> 420 | F7: =VLOOKUP(B7,المخزن!B7:E21,4,FALSE) -> 360 | G7: =C7*E7 -> 2100 | H7: =D7*F7 -> 15120 | I7: =H7-G7 -> 13020
A8: 107 | B8: طقم رياضى | C8: =SUMIFS(المبيعات!G:G,المبيعات!E:E,الأرباح!A8) -> 0
